"state_code","state","id","name","longitude","latitude","primary_category","alternate_categories","address","locality","postcode","region","country","phones","emails","websites","socials","brand","confidence","operating_status","version","source_datasets","source_licenses","source_update_times"
"DE","Delaware","00429043-2d41-4024-afe8-a117c67daa0c","Pierre Toussaint Dental Office","-75.54126765","39.74099603","dentist","general_dentistry | medical_service_organizations","830 N Spruce St","Wilmington","19801-4200","DE","US","+13026528947","","https://www.ministryofcaring.org/services/support-services","https://www.facebook.com/225789540807671","","0.5287230610847473","","8","meta | Overture","CDLA-Permissive-2.0","2026-04-27T00:00:00.000Z | 2026-06-11T11:57:15Z"
"DE","Delaware","008e7712-c6f4-429a-be79-2f15d394df7d","Dr. Monica Mehring Family Dentistry","-75.75389768","39.65355152","dentist","general_dentistry | pediatric_dentist","179 W Chestnut Hill Rd","Newark","19713-2210","DE","US","+13023680054","","http://www.mehringdds.com","https://www.facebook.com/175342649147015","","0.9199122190475464","open","7","meta | Overture | Overture-signals","CDLA-Permissive-2.0","2026-04-27T00:00:00.000Z | 2026-06-11T11:57:15Z | 2026-05-12T00:29:08Z | 2026-05-18T13:23:54Z | 2026-05-25T13:08:59Z | 2026-06-01T13:20:32Z | 2026-06-08T13:20:12Z"
"DE","Delaware","01f31861-5f20-4206-aa24-7bd0212e7294","Peninsula Dental of Millsboro","-75.28863664","38.57362528","dentist","general_dentistry","26670 Centerview Dr","Millsboro","19966-3584","DE","US","+13022973750","info.peninsuladental@gmail.com","http://peninsuladentalmillsboro.com/","https://www.facebook.com/10150151618375311","Peninsula Dental, LLC.","0.9902192950248718","open","10","meta | Overture | Overture-signals","CDLA-Permissive-2.0","2026-04-27T00:00:00.000Z | 2026-06-11T11:57:15Z | 2026-05-12T00:29:08Z | 2026-05-18T13:23:54Z | 2026-05-25T13:08:59Z | 2026-06-01T13:20:32Z | 2026-06-08T13:20:12Z"
"DE","Delaware","0558bfcc-01b7-438a-9638-f00c4d4fc467","Advanced Dental Artistry: Kenneth J. Yost, DMD, PA","-75.5266718674005","39.802523483635","dentist","","1407 Foulk Road Suite, Suite #202","Wilmington","19803","DE","US","(302) 477-1888","dentistwilmingtonde@gmail.com","https://www.kennethjyostdmd.com","https://www.facebook.com/235180426580502","","0.77","","5","Foursquare | Overture","Apache-2.0 | CDLA-Permissive-2.0","2025-06-02T00:00:00.000 | 2026-06-11T11:57:15Z"
"DE","Delaware","0664b560-2188-4fd9-8ce2-1ab090366dc8","Woodmill Dental","-75.66962216","39.71886066","dentist","general_dentistry | doctor","5185 W Woodmill Dr","Wilmington","19808-4067","DE","US","+13029988588","john@woodmilldental.com","http://www.woodmilldental.com/","https://www.facebook.com/190289891400425","","0.9199122190475464","open","7","meta | Overture | Overture-signals","CDLA-Permissive-2.0","2026-04-27T00:00:00.000Z | 2026-06-11T11:57:15Z | 2026-05-12T00:29:08Z | 2026-05-18T13:23:54Z | 2026-05-25T13:08:59Z | 2026-06-01T13:20:32Z | 2026-06-08T13:20:12Z"
"DE","Delaware","0719cb96-7001-4010-b30d-0493d62874b2","Dr Daniels Office","-75.5724662046601","39.7581035677005","dentist","","2300 Pennsylvania Ave","Wilmington","19806","DE","US","(302) 658-7354","","https://www.orthodontistwilmington.com","","","0.9199122190475464","open","4","Foursquare | Overture | Overture-signals","Apache-2.0 | CDLA-Permissive-2.0","2024-01-09T00:00:00.000 | 2026-06-11T11:57:15Z | 2026-05-12T00:29:08Z | 2026-05-18T13:23:54Z | 2026-05-25T13:08:59Z | 2026-06-01T13:20:32Z | 2026-06-08T13:20:12Z"
"DE","Delaware","07be363a-9248-4ec9-a5d3-ae8aada23611","DTCC Dental Health Center","-75.55298927","39.73991219","dentist","general_dentistry","200 N Orange St","Wilmington","19801-2454","DE","US","+13025715364","","","https://www.facebook.com/508382212507257","","0.9199122190475464","open","7","meta | Overture | Overture-signals","CDLA-Permissive-2.0","2026-04-27T00:00:00.000Z | 2026-06-11T11:57:15Z | 2026-05-12T00:29:08Z | 2026-05-18T13:23:54Z | 2026-05-25T13:08:59Z | 2026-06-01T13:20:32Z | 2026-06-08T13:20:12Z"
"DE","Delaware","0dc9e559-d9b5-4c61-99c0-9022ec2c344f","J. Michael Fay, DDS, PA","-75.6698264","39.732707","dentist","doctor | health_and_medical","3105 Limestone Rd Ste 304","Wilmington","19808","DE","US","3029982244","","http://www.pikecreeksmiles.com/","","","0.9199122190475464","open","6","Microsoft | Overture | Overture-signals","CDLA-Permissive-2.0","2025-04-10T06:31:49.893Z | 2026-06-11T11:57:15Z | 2026-05-12T00:29:08Z | 2026-05-18T13:23:54Z | 2026-05-25T13:08:59Z | 2026-06-01T13:20:32Z | 2026-06-08T13:20:12Z"
"DE","Delaware","0feb0efd-b48e-4aeb-9661-23fa2cf9ad8c","Lawrence Louie","-75.5437274331795","39.1529227053597","dentist","","250 Beiser Blvd #101, Dover, DE 19904","Dover","19904","DE","US","(302) 674-5437","","","https://www.facebook.com/111159782282001","","0.77","","5","Foursquare | Overture","Apache-2.0 | CDLA-Permissive-2.0","2025-12-02T00:00:00.000 | 2026-06-11T11:57:15Z"
"DE","Delaware","112a617e-cb97-4fcc-8ad9-74e109d06010","Burris Cosmetic and Family Dentistry","-75.54819394","39.11100455","dentist","general_dentistry | cosmetic_dentist","199 South St","Camden","19934-1300","DE","US","+13026973125","info@burris-cosmeticandfamilydentistry.com","http://www.burriscosmeticandfamilydentistry.com/","https://www.facebook.com/1532862643669709","Alvis D. Burris, DMD, Dentist - Leading Physicians of the World","0.9199122190475464","open","9","meta | Overture | Overture-signals","CDLA-Permissive-2.0","2026-04-27T00:00:00.000Z | 2026-06-11T11:57:15Z | 2026-05-12T00:29:08Z | 2026-05-18T13:23:54Z | 2026-05-25T13:08:59Z | 2026-06-01T13:20:32Z | 2026-06-08T13:20:12Z"
"DE","Delaware","13c085f6-2053-4d98-83b3-cfca5eae8ee3","Paul R Christian DMD","-75.7007946395","39.4514008185","dentist","periodontist | oral_surgeon","423 E Main St","Middletown","19709-1463","DE","US","+13023769600","","https://christian-paul-r-dmd.hub.biz/","https://www.facebook.com/143773682335739","","0.9772263765335083","","9","meta | Overture","CDLA-Permissive-2.0","2026-04-27T00:00:00.000Z | 2026-06-11T11:57:15Z"
"DE","Delaware","1550c50f-b8eb-4969-8817-56e32770b226","Crescent Dental Associates","-75.70092077","39.61515636","dentist","endodontist | orthodontist","100 Becks Woods Dr","Bear","19701-3835","DE","US","+13028366968","","http://www.crescentdentalde.com","https://www.facebook.com/1593416720987120","Crescent Dental Associates","0.9902192950248718","open","8","meta | Overture | Overture-signals","CDLA-Permissive-2.0","2026-04-27T00:00:00.000Z | 2026-06-11T11:57:15Z | 2026-05-12T00:29:08Z | 2026-05-18T13:23:54Z | 2026-05-25T13:08:59Z | 2026-06-01T13:20:32Z | 2026-06-08T13:20:12Z"
"DE","Delaware","16047739-0707-4016-a4fa-f1bc746754ba","Christiana Dental Spa","-75.6842231","39.68418018","dentist","cosmetic_dentist | general_dentistry","4133 Ogletown Stanton Rd","Newark","19713-4168","DE","US","+13024449391","harmonydentalspa@gmail.com","https://www.christianadentalspa.com/","https://www.facebook.com/485664378152191","Christiana Dental Spa of Newark","0.9998215716779232","open","10","meta | Overture | Overture-signals","CDLA-Permissive-2.0","2026-04-27T00:00:00.000Z | 2026-06-11T11:57:15Z | 2026-06-08T13:20:12Z"
"DE","Delaware","191393bd-7a77-4301-8758-67d782788d94","Family Dentistry of Milford","-75.43050527","38.90606314","dentist","medical_service_organizations | hospital","100 Sussex Ave","Milford","19963-1823","DE","US","+13024226924","familydentistryofmilford@gmail.com","http://www.jitenpateldds.com/","https://www.facebook.com/1588430277926937","","0.9199122190475464","open","7","meta | Overture | Overture-signals","CDLA-Permissive-2.0","2026-04-27T00:00:00.000Z | 2026-06-11T11:57:15Z | 2026-05-12T00:29:08Z | 2026-05-18T13:23:54Z | 2026-05-25T13:08:59Z | 2026-06-01T13:20:32Z | 2026-06-08T13:20:12Z"
"DE","Delaware","19606bce-40fc-4674-8824-5bea529799f7","Webster Cosmetic and Family Dentistry","-75.5204429","39.13246121","dentist","cosmetic_dentist | general_dentistry","1522 S State St","Dover","19901-4950","DE","US","+13026741080","websterofc@dentalcarealliance.com","http://www.webstercosmeticdentistry.com/","https://www.facebook.com/679085748828911","","0.986578643321991","","9","meta | Overture","CDLA-Permissive-2.0","2026-04-27T00:00:00.000Z | 2026-06-11T11:57:15Z"
"DE","Delaware","19618fc0-f5a5-4a40-8878-385759607557","Camden Denistry","-75.5481422282843","39.1112040687593","dentist","","","Camden","19934","DE","US","(302) 697-3125","info@camdendentistryllc.com","http://camden24.adventistchurchconnect.org","https://www.facebook.com/147150371996330","","0.77","","5","Foursquare | Overture","Apache-2.0 | CDLA-Permissive-2.0","2022-05-09T00:00:00.000 | 2026-06-11T11:57:15Z"
"DE","Delaware","1b3aa469-64f1-4d1c-9bac-06b1547092a8","Drs. Lord & Wheeler","-75.390687326916","38.6865515206126","dentist","","","Georgetown","","DE","US","(302) 856-7423","","https://www.thegeorgetowndental.com","","","0.77","","5","Foursquare | Overture","Apache-2.0 | CDLA-Permissive-2.0","2025-04-22T00:00:00.000 | 2026-06-11T11:57:15Z"
"DE","Delaware","1c0b8ec5-c206-4303-8e57-4bdcb9d7f8ce","Bear-Glasgow Dental","-75.75043529","39.60361375","dentist","general_dentistry | health_and_medical","1290 Peoples Plz","Newark","19702-5701","DE","US","+13022730247","","https://bearglasgowdentalde.com/","https://www.facebook.com/205062239353922","","0.9199122190475464","open","8","meta | Overture | Overture-signals","CDLA-Permissive-2.0","2026-04-27T00:00:00.000Z | 2026-06-11T11:57:15Z | 2026-05-12T00:29:08Z | 2026-05-18T13:23:54Z | 2026-05-25T13:08:59Z | 2026-06-01T13:20:32Z | 2026-06-08T13:20:12Z"
"DE","Delaware","1c638998-bb42-4673-96f7-09bfcffc1944","Hill John T DDS","-75.56592203","39.75643711","dentist","general_dentistry","1815 W 13th St","Wilmington","19806-4054","DE","US","+13026523556","","","https://www.facebook.com/110557732620382","","0.9199122190475464","open","7","meta | Overture | Overture-signals","CDLA-Permissive-2.0","2026-04-27T00:00:00.000Z | 2026-06-11T11:57:15Z | 2026-05-12T00:29:08Z | 2026-05-18T13:23:54Z | 2026-05-25T13:08:59Z | 2026-06-01T13:20:32Z | 2026-06-08T13:20:12Z"
"DE","Delaware","1f6cacd5-041a-4192-af3f-78fe73f09f4b","Alpine and Rafetto Orthodontics - Fairfax Office","-75.541","39.754877","dentist","","205 Concord Ave Ste 201","Wilmington","19802","DE","US","(302) 239-4800","","https://www.beachbraces.com","https://www.facebook.com/899384356793744","","0.9199122190475464","open","4","Foursquare | Overture | Overture-signals","Apache-2.0 | CDLA-Permissive-2.0","2021-01-15T00:00:00.000 | 2026-06-11T11:57:15Z | 2026-05-12T00:29:08Z | 2026-05-18T13:23:54Z | 2026-05-25T13:08:59Z | 2026-06-01T13:20:32Z | 2026-06-08T13:20:12Z"
"DE","Delaware","1ffc372b-f9f8-45a6-9e28-f155ad66bf96","Your Dentistry Today","-75.59591","39.77753","dentist","doctor | health_and_medical","Station, 1815 W 13th St","Wilmington","19806-4042","DE","US","+13025750100","yourdentistrytoday@msn.com","http://www.yourdentistrytoday.com/","https://www.facebook.com/297787273680993","","0.9713743329048157","","9","meta | Overture","CDLA-Permissive-2.0","2026-04-27T00:00:00.000Z | 2026-06-11T11:57:15Z"
"DE","Delaware","2078cb64-612e-4460-93ff-f12ad1eddc1c","Blackhurst Dental","-75.54484391","39.80854066","dentist","general_dentistry | cosmetic_dentist","3522 Silverside Rd","Wilmington","19810-4915","DE","US","+13024781504","martabiskupdds@yahoo.com","http://www.blackhurstdentalpa.com/","https://www.facebook.com/1500092133398303","Blackhurst Dental","0.9199122190475464","open","9","meta | Overture | Overture-signals","CDLA-Permissive-2.0","2026-04-27T00:00:00.000Z | 2026-06-11T11:57:15Z | 2026-05-12T00:29:08Z | 2026-05-18T13:23:54Z | 2026-05-25T13:08:59Z | 2026-06-01T13:20:32Z | 2026-06-08T13:20:12Z"
"DE","Delaware","20c1c9e0-8ea8-4215-a1e8-72a9e7670c32","Russell J. Tibbetts DDS - Wilmington Dentist","-75.54418449","39.80854726","dentist","general_dentistry","3516 Silverside Rd","Wilmington","19810-4932","DE","US","+13024795959","rtibbettsdds@comcast.net","https://www.tibbettsdental.com/our-wilmington-practice/","https://www.facebook.com/105722449087994","","0.8910533785820007","","8","meta | Overture","CDLA-Permissive-2.0","2026-04-27T00:00:00.000Z | 2026-06-11T11:57:15Z"
"DE","Delaware","23c4583f-f528-40bb-a451-82eb71290cc3","Tigani Family Dentistry","-75.554542","39.752759","dentist","endodontist | orthodontist","1021 Gilpin Ave","Wilmington","19806-3270","DE","US","+13025718740","tigondent@aol.com","http://www.tiganidentistry.com","https://www.facebook.com/335332453186039","Tigani Family Dentistry","0.9741628766059875","","9","meta | Overture","CDLA-Permissive-2.0","2026-04-27T00:00:00.000Z | 2026-06-11T11:57:15Z"
"DE","Delaware","246869d0-236d-4707-94d4-037a865a950a","Roseman Barry B DDS","-75.68758549","39.77472488","dentist","general_dentistry | doctor","730 Brookwood Ln","Hockessin","19707-9536","DE","US","+13027647714","","","https://www.facebook.com/116309185095952","","0.9199122190475464","open","7","meta | Overture | Overture-signals","CDLA-Permissive-2.0","2026-04-27T00:00:00.000Z | 2026-06-11T11:57:15Z | 2026-05-12T00:29:08Z | 2026-05-18T13:23:54Z | 2026-05-25T13:08:59Z | 2026-06-01T13:20:32Z | 2026-06-08T13:20:12Z"
"DE","Delaware","263c435c-d948-42bc-bba4-1e3418f9a95a","White Clay Dental Associates","-75.70898785","39.69892181","dentist","orthodontist | health_and_medical","12 Polly Drummond Hill Rd","Newark","19711-5703","DE","US","+13027314225","dontbond@aol.com","https://www.whiteclaydental.com/","https://www.facebook.com/246914402155585","","0.9199122190475464","open","7","meta | Overture | Overture-signals","CDLA-Permissive-2.0","2026-04-27T00:00:00.000Z | 2026-06-11T11:57:15Z | 2026-05-12T00:29:08Z | 2026-05-18T13:23:54Z | 2026-05-25T13:08:59Z | 2026-06-01T13:20:32Z | 2026-06-08T13:20:12Z"
"DE","Delaware","27b7feaa-9c40-4f9e-8014-43e0dfba7435","Mercer Dental Associates","-75.5431350474507","39.1612042611581","dentist","","77 Saulsbury Rd","Dover","19904","DE","US","(302) 678-2942","ashley@mercerdental.net","http://www.mercerdental.net","https://www.facebook.com/175335582552858","","0.9199122190475464","open","4","Foursquare | Overture | Overture-signals","Apache-2.0 | CDLA-Permissive-2.0","2025-11-04T00:00:00.000 | 2026-06-11T11:57:15Z | 2026-05-12T00:29:08Z | 2026-05-18T13:23:54Z | 2026-05-25T13:08:59Z | 2026-06-01T13:20:32Z | 2026-06-08T13:20:12Z"
"DE","Delaware","29364826-fe40-4ce7-a382-3cd7a56edf09","Emerald Dental","-75.65032585","39.71173187","dentist","general_dentistry | cosmetic_dentist","533 Main St","Wilmington","19804-3910","DE","US","+13029980500","info@emeralddentalde.com","http://www.emeralddentalde.com/","https://www.facebook.com/215800025108148","","0.9902192950248718","open","6","meta | Overture | Overture-signals","CDLA-Permissive-2.0","2026-04-27T00:00:00.000Z | 2026-06-11T11:57:15Z | 2026-05-12T00:29:08Z | 2026-05-18T13:23:54Z | 2026-05-25T13:08:59Z | 2026-06-01T13:20:32Z | 2026-06-08T13:20:12Z"
"DE","Delaware","2a4c1c08-6d1a-4001-a4ad-a434426262ce","Jeanette Youngjin Son","-75.67504991","39.7157864","dentist","general_dentistry | cosmetic_dentist","2601 Annand Dr","Wilmington","19808-3719","DE","US","+13029988283","jysondmd@hotmail.com","https://drjeanetteson.com/","https://www.facebook.com/313162331891135","","0.7707037925720215","","7","meta | Overture","CDLA-Permissive-2.0","2026-04-27T00:00:00.000Z | 2026-06-11T11:57:15Z"
"DE","Delaware","2a55190d-c546-4948-8a1b-9e115f8419c5","Cook Family Dentistry","-75.71804812","39.45048348","dentist","pediatric_dentist | health_and_medical","12 Pennington St","Middletown","19709-1026","DE","US","+13023784416","","http://www.yellowpages.com/middletown-de/cook-family-dentistry","https://www.facebook.com/103591835685113","","0.9199122190475464","open","6","meta | Overture | Overture-signals","CDLA-Permissive-2.0","2026-04-27T00:00:00.000Z | 2026-06-11T11:57:15Z | 2026-05-12T00:29:08Z | 2026-05-18T13:23:54Z | 2026-05-25T13:08:59Z | 2026-06-01T13:20:32Z | 2026-06-08T13:20:12Z"
"DE","Delaware","2ab803ba-8f03-4536-808e-4a8ff5019c9c","Access Dental LLC","-75.52702658","39.15398368","dentist","general_dentistry","446 S New St","Dover","19904-6725","DE","US","+13026743303","","http://www.accessdentalllc.net","https://www.facebook.com/116348515091512","","0.9902192950248718","open","8","meta | Overture | Overture-signals","CDLA-Permissive-2.0","2026-04-27T00:00:00.000Z | 2026-06-11T11:57:15Z | 2026-05-12T00:29:08Z | 2026-05-18T13:23:54Z | 2026-05-25T13:08:59Z | 2026-06-01T13:20:32Z | 2026-06-08T13:20:12Z"
"DE","Delaware","2bd7f9ca-600d-4133-8713-84a682283688","Thompson Ledden & Bradley LLC","-75.509652","39.812828","dentist","doctor | health_and_medical","2004 Foulk Rd","Wilmington","19810-3641","DE","US","+13024750100","tlb2004@comcast.net","http://www.leddenandbradleydental.com","https://www.facebook.com/104731942927315","Ledden & Bradley Dental","0.8232666254043579","","7","meta | Overture","CDLA-Permissive-2.0","2026-04-27T00:00:00.000Z | 2026-06-11T11:57:15Z"
"DE","Delaware","2bfb77b9-ce5f-4397-ae44-5057b56f3056","Dentist in Wilmington","-75.54812","39.74474","dentist","health_and_medical | hospital","904 N Market St","Wilmington","19801-3012","DE","US","+19108176699","","http://wilmingtondentistgroup.com/","https://www.facebook.com/251634761545946","","0.7098351120948792","","7","meta | Overture","CDLA-Permissive-2.0","2026-04-27T00:00:00.000Z | 2026-06-11T11:57:15Z"
"DE","Delaware","2e7b5e3b-ad4a-4fd6-b261-bc2edc7a23cd","Maplewood Dental Associates","-75.13882774","38.72750808","dentist","general_dentistry | doctor","18912 John J Williams Hwy","Rehoboth Beach","19971-4489","DE","US","+13026456671","inforehoboth@rehobothbeachsmiles.com","https://www.rehobothbeachsmiles.com/","https://www.facebook.com/944490162237044","Maplewood Dental Associates","0.9902192950248718","open","8","meta | Overture | Overture-signals","CDLA-Permissive-2.0","2026-04-27T00:00:00.000Z | 2026-06-11T11:57:15Z | 2026-05-12T00:29:08Z | 2026-05-18T13:23:54Z | 2026-05-25T13:08:59Z | 2026-06-01T13:20:32Z | 2026-06-08T13:20:12Z"
"DE","Delaware","309be86c-67a4-41dc-a44d-14dd0aae0930","Vincent Longo","-75.57176692","39.75821332","dentist","cosmetic_dentist | pediatric_dentist","2300 Pennsylvania Ave","Wilmington","19806-1301","DE","US","+13026547362","vlongodmd.office@yahoo.com","http://www.longofamilydentistry.com/","https://www.facebook.com/105752687700856","","0.9971572875976562","","7","meta | Overture","CDLA-Permissive-2.0","2026-04-27T00:00:00.000Z | 2026-06-11T11:57:15Z"
"DE","Delaware","33b4f97d-a189-40d0-8fce-8dc351a3ffa8","John Wasniewski III DMD","-75.7425502","39.71081456","dentist","general_dentistry | doctor","103 Louviers Ln","Newark","19711-4163","DE","US","+13022660200","john.wasniewski@verizon.net","http://www.drwasniewski.com/","https://www.facebook.com/450220105165459","","0.9199122190475464","open","8","meta | Overture | Overture-signals","CDLA-Permissive-2.0","2026-04-27T00:00:00.000Z | 2026-06-11T11:57:15Z | 2026-05-12T00:29:08Z | 2026-05-18T13:23:54Z | 2026-05-25T13:08:59Z | 2026-06-01T13:20:32Z | 2026-06-08T13:20:12Z"
"DE","Delaware","34fe5334-55d4-4368-a7eb-8d9a6fbd2a83","Ledden & Bradley Dental","-75.5096522765437","39.8128281660051","dentist","","2004 Foulk Rd Ste 1","Wilmington","19810","DE","US","(302) 475-0100","tlb2004@comcast.net","","https://www.facebook.com/457078814351933","","0.9199122190475464","open","4","Foursquare | Overture | Overture-signals","Apache-2.0 | CDLA-Permissive-2.0","2026-01-06T00:00:00.000 | 2026-06-11T11:57:15Z | 2026-05-12T00:29:08Z | 2026-05-18T13:23:54Z | 2026-05-25T13:08:59Z | 2026-06-01T13:20:32Z | 2026-06-08T13:20:12Z"
"DE","Delaware","359ec96e-7609-4eea-8006-27a205bcc179","Newark Dental Associates","-75.73904421","39.68436973","dentist","general_dentistry | medical_service_organizations","344 E Main St","Newark","19711-7148","DE","US","+13027375170","newarkdentalcontact@gmail.com","http://www.newarkdental.com/","https://www.facebook.com/135770919805653","Newark Dental Associates PA","0.9902192950248718","open","8","meta | Overture | Overture-signals","CDLA-Permissive-2.0","2026-04-27T00:00:00.000Z | 2026-06-11T11:57:15Z | 2026-05-12T00:29:08Z | 2026-05-18T13:23:54Z | 2026-05-25T13:08:59Z | 2026-06-01T13:20:32Z | 2026-06-08T13:20:12Z"
"DE","Delaware","35ecb744-1e9b-4da5-a6bb-b40a502e2c42","Premier Comprehensive Dental","-75.74570412","39.43900111","dentist","general_dentistry | medical_service_organizations","212 Celebration Ct","Middletown","19709-8777","DE","US","+13023783131","drhansliu@premiercdental.com","http://www.premiercdental.com/","https://www.facebook.com/1071747402921819","","0.9199122190475464","open","7","meta | Overture | Overture-signals","CDLA-Permissive-2.0","2026-04-27T00:00:00.000Z | 2026-06-11T11:57:15Z | 2026-05-12T00:29:08Z | 2026-05-18T13:23:54Z | 2026-05-25T13:08:59Z | 2026-06-01T13:20:32Z | 2026-06-08T13:20:12Z"
"DE","Delaware","36f1d80e-dd0f-408d-9b6b-007b3809c3cf","Dover AFB Dental Clinic","-75.47932","39.12649","dentist","hospital | health_and_medical","300 Tuskegee Blvd","Dover","19902-5003","DE","US","","","www.dover.af.mil","https://www.facebook.com/131748080254617","","0.9604902863502502","","2","meta | Overture","CDLA-Permissive-2.0","2026-04-27T00:00:00.000Z | 2026-06-11T11:57:15Z"
"DE","Delaware","376a2da7-623e-454d-903f-7808211e0503","Mercer Sydell Dental - Dover","-75.54307823","39.16106227","dentist","general_dentistry | cosmetic_dentist","77 Saulsbury Rd","Dover","19904-3444","DE","US","+13026782942","ashley@mercersydelldental.com","http://www.mercersydelldental.com/","https://www.facebook.com/175335582552858","Mercer Sydell Dental","0.9902192950248718","open","8","meta | Overture | Overture-signals","CDLA-Permissive-2.0","2026-04-27T00:00:00.000Z | 2026-06-11T11:57:15Z | 2026-05-12T00:29:08Z | 2026-05-18T13:23:54Z | 2026-05-25T13:08:59Z | 2026-06-01T13:20:32Z | 2026-06-08T13:20:12Z"
"DE","Delaware","37df9753-e165-4e10-993f-edc7a871dd77","Deakyne Dental Associates","-75.62044055","39.29219982","dentist","general_dentistry | cosmetic_dentist","27 Deak Dr","Smyrna","19977-1268","DE","US","+13026536661","","http://www.deakynedental.com/","https://www.facebook.com/1457768967808701","","0.9957048666477203","","8","meta | Overture","CDLA-Permissive-2.0","2026-04-27T00:00:00.000Z | 2026-06-11T11:57:15Z"
"DE","Delaware","3a5d3a31-b23e-41fd-b195-9d9b212e0820","Maplewood Dental Associaties","-75.155314207077","38.4649235325056","dentist","","37124 Lighthouse Rd","Selbyville","19975","DE","US","(302) 645-6671","","https://www.rehobothbeachsmiles.com","","","0.77","","5","Foursquare | Overture","Apache-2.0 | CDLA-Permissive-2.0","2025-04-03T00:00:00.000 | 2026-06-11T11:57:15Z"
"DE","Delaware","3adbb44a-5a45-46be-a941-433767a2c679","New Concept Dental","-75.50981622","39.81284773","dentist","general_dentistry | cosmetic_dentist","2004 Foulk Rd","Wilmington","19810-3641","DE","US","+13027783822","office@newconceptdental.com","http://www.newconceptdental.com/","https://www.facebook.com/115605271788386","New Concept Dental","0.9902192950248718","open","8","meta | Overture | Overture-signals","CDLA-Permissive-2.0","2026-04-27T00:00:00.000Z | 2026-06-11T11:57:15Z | 2026-05-12T00:29:08Z | 2026-05-18T13:23:54Z | 2026-05-25T13:08:59Z | 2026-06-01T13:20:32Z | 2026-06-08T13:20:12Z"
"DE","Delaware","3b9f1b63-361b-4654-b216-1130c37bdca0","Family Dental Associates","-75.54609536","39.16896892","dentist","general_dentistry","385 Saulsbury Rd","Dover","19904-2722","DE","US","+13026748810","office@familydentaldover.com","http://www.familydentaldover.com/","https://www.facebook.com/1425857761051619","","0.9199122190475464","open","7","meta | Overture | Overture-signals","CDLA-Permissive-2.0","2026-04-27T00:00:00.000Z | 2026-06-11T11:57:15Z | 2026-05-12T00:29:08Z | 2026-05-18T13:23:54Z | 2026-05-25T13:08:59Z | 2026-06-01T13:20:32Z | 2026-06-08T13:20:12Z"
"DE","Delaware","422a391f-352a-4d22-8004-eb8bb2f6b98c","Kirkwood Dental Associates","-75.7504971","39.60368437","dentist","general_dentistry | medical_service_organizations","1200 Peoples Plz","Newark","19702-5701","DE","US","+13028347700","","https://www.kirkwooddental.com/","https://www.facebook.com/133342676717690","Kirkwood Dental Associates","0.9902192950248718","open","9","meta | Overture | Overture-signals","CDLA-Permissive-2.0","2026-04-27T00:00:00.000Z | 2026-06-11T11:57:15Z | 2026-05-12T00:29:08Z | 2026-05-18T13:23:54Z | 2026-05-25T13:08:59Z | 2026-06-01T13:20:32Z | 2026-06-08T13:20:12Z"
"DE","Delaware","4303a93f-ac74-40c4-9373-b070a4ad6b94","Michael R. Butterworth","-75.26707575","38.55368054","dentist","doctor | health_and_medical","31059 Dupont Blvd","Dagsboro","19939-4439","DE","US","+13027329850","info@dagsborodentist.com","http://www.dagsborodentist.com","https://www.facebook.com/104699372925952","","0.9199122190475464","open","8","meta | Overture | Overture-signals","CDLA-Permissive-2.0","2026-04-27T00:00:00.000Z | 2026-06-11T11:57:15Z | 2026-05-12T00:29:08Z | 2026-05-18T13:23:54Z | 2026-05-25T13:08:59Z | 2026-06-01T13:20:32Z | 2026-06-08T13:20:12Z"
"DE","Delaware","45bde5b5-754f-4482-9aab-1bab05df5d5f","Limestone Dental Associates","-75.69608648","39.74477238","dentist","general_dentistry | cosmetic_dentist","5317 Limestone Rd","Wilmington","19808-1252","DE","US","+13022390502","appointment@limestonedental.com","https://limestonedental.com/","https://www.facebook.com/65999141533","Limestone Dental","0.9930860996246338","","8","meta | Overture","CDLA-Permissive-2.0","2026-04-27T00:00:00.000Z | 2026-06-11T11:57:15Z"
"DE","Delaware","45ec6158-c3b6-447b-90df-e7f1b9d56b51","Gerardo Martinez, DMD","-75.442856","38.917579","dentist","pediatric_dentist","625 N Dupont Blvd","Milford","19963-1099","DE","US","+13023152019","delawarepd@gmail.com","https://www.delpd.com/","https://www.facebook.com/106844190658029","","0.8311987519264221","","8","meta | Overture","CDLA-Permissive-2.0","2026-04-27T00:00:00.000Z | 2026-06-11T11:57:15Z"
"DE","Delaware","46ae05a7-a0d6-427c-97a3-45650267db2d","Family Dentistry","-75.7138936883748","39.6087669166892","dentist","","1991 Pulaski Hwy","Bear","19701","DE","US","(302) 832-2200","","http://www.kellywalkerdds.com","","","0.9199122190475464","open","4","Foursquare | Overture | Overture-signals","Apache-2.0 | CDLA-Permissive-2.0","2026-01-14T00:00:00.000 | 2026-06-11T11:57:15Z | 2026-05-12T00:29:08Z | 2026-05-18T13:23:54Z | 2026-05-25T13:08:59Z | 2026-06-01T13:20:32Z | 2026-06-08T13:20:12Z"
"DE","Delaware","4747bc33-30e3-42ae-8747-57e84d37b07c","Enhanced Dental Care","-75.13783264","38.72494663","dentist","cosmetic_dentist | health_and_medical","18947 John J Williams Hwy","Rehoboth Beach","19971-4474","DE","US","+13023131499","info@enhanceddentalcare.com","https://www.youtube.com/user/EnhancedDentalCare","https://www.facebook.com/303087973155200","","0.9199122190475464","open","7","meta | Overture | Overture-signals","CDLA-Permissive-2.0","2026-04-27T00:00:00.000Z | 2026-06-11T11:57:15Z | 2026-05-12T00:29:08Z | 2026-05-18T13:23:54Z | 2026-05-25T13:08:59Z | 2026-06-01T13:20:32Z | 2026-06-08T13:20:12Z"
"DE","Delaware","47e8d351-3cf4-45c5-a363-698f707f8844","Dental Health Center del Tech","-75.55223","39.74044","dentist","hospital | health_and_medical","333 N Shipley St","Wilmington","19801-2412","DE","US","+13026575176","","","https://www.facebook.com/1646175235620097","","0.9395829439163208","","5","meta | Overture","CDLA-Permissive-2.0","2026-04-27T00:00:00.000Z | 2026-06-11T11:57:15Z"
"DE","Delaware","4c72d867-1169-4f2b-bb53-d84bf11e2881","David Gaz Family Dental","-75.77800289","39.69101323","dentist","cosmetic_dentist | doctor","715 Nottingham Rd","Newark","19711-7406","DE","US","+13025256463","davidgazdental@gmail.com","https://www.davidgazdentist.com/","https://www.facebook.com/630621450755832","","0.9199122190475464","open","7","meta | Overture | Overture-signals","CDLA-Permissive-2.0","2026-04-27T00:00:00.000Z | 2026-06-11T11:57:15Z | 2026-05-12T00:29:08Z | 2026-05-18T13:23:54Z | 2026-05-25T13:08:59Z | 2026-06-01T13:20:32Z | 2026-06-08T13:20:12Z"
"DE","Delaware","4f1a8411-3ca5-451b-b889-d0d666b6f102","Progressive Dental Arts","-75.70349275","39.67439558","dentist","general_dentistry | cosmetic_dentist","685 E Chestnut Hill Rd","Newark","19713-1827","DE","US","+13024559555","office@progressivedentalartsde.com","https://www.progressivedentalartsde.com/","https://www.facebook.com/185038004891963","Progressive Dental Arts","0.9902192950248718","open","8","meta | Overture | Overture-signals","CDLA-Permissive-2.0","2026-04-27T00:00:00.000Z | 2026-06-11T11:57:15Z | 2026-05-12T00:29:08Z | 2026-05-18T13:23:54Z | 2026-05-25T13:08:59Z | 2026-06-01T13:20:32Z | 2026-06-08T13:20:12Z"
"DE","Delaware","4fe1d4da-f916-4a12-8af3-d61f712e0f0d","Chapel Street Dentistry: Dr. Avdhesh Patel","-75.743263","39.6742772","dentist","health_and_medical","301 S Chapel St","Newark","19711","DE","US","3027376761","","https://chapelstreetdentistry.com/","","","0.9199122190475464","open","6","Microsoft | Overture | Overture-signals","CDLA-Permissive-2.0","2025-09-11T21:18:13.500Z | 2026-06-11T11:57:15Z | 2026-05-12T00:29:08Z | 2026-05-18T13:23:54Z | 2026-05-25T13:08:59Z | 2026-06-01T13:20:32Z | 2026-06-08T13:20:12Z"
"DE","Delaware","505c57ab-4df3-43e8-83ff-bd1acb9767f4","Dental House","-75.70569047","39.44964061","dentist","general_dentistry | medical_service_organizations","314 E Main St","Middletown","19709-1482","DE","US","+13024063879","office@dentalhousede.com","http://www.dentalhousede.com/","https://www.facebook.com/100680639421639","Dental House","0.9199122190475464","open","8","meta | Overture | Overture-signals","CDLA-Permissive-2.0","2026-04-27T00:00:00.000Z | 2026-06-11T11:57:15Z | 2026-05-12T00:29:08Z | 2026-05-18T13:23:54Z | 2026-05-25T13:08:59Z | 2026-06-01T13:20:32Z | 2026-06-08T13:20:12Z"
"DE","Delaware","51ea1738-8434-4547-9252-cd1a8c9529a3","Delaware Center for Oral Surgery","-75.74842036","39.65758022","dentist","oral_surgeon | doctor","131 E Chestnut Hill Rd","Newark","19713-4043","DE","US","+13022738300","deoralsurgeon@comcast.net","http://www.deoms.com/","https://www.facebook.com/259010260829993","Delaware Center for Oral Surgery","0.9883298873901367","","2","meta | Overture","CDLA-Permissive-2.0","2026-04-27T00:00:00.000Z | 2026-06-11T11:57:15Z"
"DE","Delaware","525a9d8e-d114-4b16-b7b2-baf54bb1ec78","Tigani Family Dentistry","-75.6892176","39.73349485","dentist","orthodontist | periodontist","4600 New Linden Hill Rd","Wilmington","19808","DE","US","+13025718740","info@tiganidental.com","http://tiganidentistry.com/","https://www.facebook.com/101129546160142","Tigani Family Dentistry","0.9199122190475464","open","9","meta | Overture | Overture-signals","CDLA-Permissive-2.0","2026-04-27T00:00:00.000Z | 2026-06-11T11:57:15Z | 2026-05-12T00:29:08Z | 2026-05-18T13:23:54Z | 2026-05-25T13:08:59Z | 2026-06-01T13:20:32Z | 2026-06-08T13:20:12Z"
"DE","Delaware","534d7714-6af7-4e5a-8921-0cc7fcaf8a3a","Dr Victor L. Gregory Jr. Family & Cosmetic Dentistry","-75.69493733","39.74412341","dentist","cosmetic_dentist | general_dentistry","5301 Limestone Rd","Wilmington","19808-1245","DE","US","+13022391827","","http://www.victorgregorydmd.com/","https://www.facebook.com/101197836696528","","0.9800390601158142","","1","meta | Overture","CDLA-Permissive-2.0","2026-04-27T00:00:00.000Z | 2026-06-11T11:57:15Z"
"DE","Delaware","54bc3b4b-db48-4ac2-a5e3-e720cb3b13af","Cosmetic & Family Dentistry","-75.5207349098331","39.132333520804","dentist","","1522 S State St","Dover","19901","DE","US","(302) 674-1080","","https://www.webstercosmeticdentistry.com","","","0.77","","5","Foursquare | Overture","Apache-2.0 | CDLA-Permissive-2.0","2025-10-15T00:00:00.000 | 2026-06-11T11:57:15Z"
"DE","Delaware","560a89ac-dcb1-4ff9-a3d3-cc0ff101b7f1","Calm Family Dental","-75.73411","39.452835","dentist","health_and_medical","124 Sleepy Hollow Dr Ste 202","Middletown","19709","DE","US","3026432304","","https://calmfamilydentalde.com/","","","0.85","","7","Microsoft | Overture","CDLA-Permissive-2.0","2024-03-15T20:56:06.670Z | 2026-06-11T11:57:15Z"
"DE","Delaware","58c0e021-e940-4961-8134-4f464ef5ff91","Walker Square Dental Associates - Dover Dentist","-75.54312517","39.1692902","dentist","general_dentistry","838 Walker Rd","Dover","19904-2751","DE","US","+13027361423","walkersquaredental@gmail.com","https://www.walkersquaredental.com/dover-practice/","https://www.facebook.com/239627252808975","Walker Square Dental Associates - Dover Dentist","0.9199122190475464","open","10","meta | Overture | Overture-signals","CDLA-Permissive-2.0","2026-04-27T00:00:00.000Z | 2026-06-11T11:57:15Z | 2026-05-12T00:29:08Z | 2026-05-18T13:23:54Z | 2026-05-25T13:08:59Z | 2026-06-01T13:20:32Z | 2026-06-08T13:20:12Z"
"DE","Delaware","58d951d3-8187-4a01-a6d9-cd3b13461c56","Summit Dental","-75.712285","39.512599","dentist","pediatric_dentist | health_and_medical","4462 Summit Bridge Rd","Middletown","19709-9344","DE","US","+13023761500","summitdental@verizon.net","https://www.summitdentalmiddletown.com/","https://www.facebook.com/248483575487815","","0.9934419393539429","","7","meta | Overture","CDLA-Permissive-2.0","2026-04-27T00:00:00.000Z | 2026-06-11T11:57:15Z"
"DE","Delaware","5c255a22-a290-4943-83ed-3661315e873b","Stone Mill Family Dental","-75.690781","39.789322","dentist","","720 Yorklyn Rd","Hockessin","19707-8728","DE","US","+13022342728","info@stonemilldental.com","http://stonemilldental.com/","https://www.facebook.com/106400637748675","","0.9768720269203186","","9","meta | Overture","CDLA-Permissive-2.0","2026-04-27T00:00:00.000Z | 2026-06-11T11:57:15Z"
"DE","Delaware","605d964f-b2d8-4c3b-9c34-797869b884f2","Easydent","-75.62708","39.7545","dentist","laboratory_testing","2711 Centerville Rd","Wilmington","19808-1645","DE","US","+18333338111","info@easydentdental.com","https://easydentdental.com/","https://www.facebook.com/111931646867058","","0.7000012397766113","","1","meta | Overture","CDLA-Permissive-2.0","2026-04-27T00:00:00.000Z | 2026-06-11T11:57:15Z"
"DE","Delaware","6180a57a-19eb-41a0-b8a2-9c79ee295bd1","Mercer Sydell Dental - Milton","-75.31479562","38.78542855","dentist","general_dentistry | cosmetic_dentist","524 Union St","Milton","19968-1016","DE","US","+13026841100","ashley@mercerdental.net","https://www.mercersydelldental.com","https://www.facebook.com/1644760615775980","Mercer Sydell Dental","0.9199122190475464","open","9","meta | Overture | Overture-signals","CDLA-Permissive-2.0","2026-04-27T00:00:00.000Z | 2026-06-11T11:57:15Z | 2026-05-12T00:29:08Z | 2026-05-18T13:23:54Z | 2026-05-25T13:08:59Z | 2026-06-01T13:20:32Z | 2026-06-08T13:20:12Z"
"DE","Delaware","61dbfc07-4f90-4364-aeeb-a817951d529d","Mid-Sussex Dental","-75.390692","38.686571","dentist","orthodontist","212 W Market St","Georgetown","19947-1441","DE","US","+13028567423","","http://www.midsussexdental.com/","https://www.facebook.com/100981741551212","","0.9886261820793152","","9","meta | Overture","CDLA-Permissive-2.0","2026-04-27T00:00:00.000Z | 2026-06-11T11:57:15Z"
"DE","Delaware","639dd8e2-f463-4c08-afd5-07ed7eabc3e8","Lisa A Fagioletti DMD","-75.60704073","39.30019683","dentist","general_dentistry","25 W Commerce St","Smyrna","19977-1463","DE","US","+13025149064","office@lisaafagiolettidmd.com","http://www.LisaAFagiolettiDMD.com/","https://www.facebook.com/160363914008040","","0.9199122190475464","open","9","meta | Overture | Overture-signals","CDLA-Permissive-2.0","2026-04-27T00:00:00.000Z | 2026-06-11T11:57:15Z | 2026-05-12T00:29:08Z | 2026-05-18T13:23:54Z | 2026-05-25T13:08:59Z | 2026-06-01T13:20:32Z | 2026-06-08T13:20:12Z"
"DE","Delaware","63d08d73-957a-4628-adfb-a1209fe40f00","Dental Associates of Delaware","-75.71302712","39.43463089","dentist","general_dentistry | health_and_medical","106 St Annes Church Rd","Middletown","19709-1495","DE","US","+13023788600","info@delawaresmiles.com","http://www.delawaresmiles.com/","https://www.facebook.com/125511300865236","Dental Associates of Delaware","0.9902192950248718","open","8","meta | Overture | Overture-signals","CDLA-Permissive-2.0","2026-04-27T00:00:00.000Z | 2026-06-11T11:57:15Z | 2026-05-12T00:29:08Z | 2026-05-18T13:23:54Z | 2026-05-25T13:08:59Z | 2026-06-01T13:20:32Z | 2026-06-08T13:20:12Z"
"DE","Delaware","63e3ff90-4ca2-4d58-822a-75404e7cbb17","Dr. Daniel David Truono Sr. D.D.S.","-75.5717916435","39.7581828825","dentist","health_and_medical | family_practice","2300 Pennsylvania Ave","Wilmington","19806-1392","DE","US","+13025710878","dtruono@aol.com","http://www.dentalassociatespa.com/","https://www.facebook.com/1711081099106606","Dental Associates P.A.","0.7977517247200012","","10","meta | Overture","CDLA-Permissive-2.0","2026-04-27T00:00:00.000Z | 2026-06-11T11:57:15Z"
"DE","Delaware","64567289-3172-4287-ae23-f19a90f7cc82","American Dental Care","-75.5201418381674","39.1341040122536","dentist","","60 Wolf Creek Blvd","Dover","19901","DE","US","(302) 734-7634","adcdover@americandentalsmiles.com","http://www.americandentalsmiles.com/","https://www.twitter.com/adcdover | https://www.facebook.com/119828608028087","","0.77","","5","Foursquare | Overture","Apache-2.0 | CDLA-Permissive-2.0","2026-04-08T00:00:00.000 | 2026-06-11T11:57:15Z"
"DE","Delaware","672d2397-f243-4232-816b-2b019b8812b7","Freedom Dental Management, Inc.","-75.7505114","39.6033708","dentist","","1250 Peoples Plz","Newark","19702-5701","DE","US","+13023922449","marketing@freedomdentalmgmt.com","http://sleepytoothgroup.com/","https://www.facebook.com/495096507624144","","0.9199122190475464","open","9","meta | Overture | Overture-signals","CDLA-Permissive-2.0","2026-04-27T00:00:00.000Z | 2026-06-11T11:57:15Z | 2026-05-12T00:29:08Z | 2026-05-18T13:23:54Z | 2026-05-25T13:08:59Z | 2026-06-01T13:20:32Z | 2026-06-08T13:20:12Z"
"DE","Delaware","692e44e5-2565-4f6e-b70f-825dcf985770","Apex Dental Center LLC","-75.65200529","39.69861414","dentist","health_and_medical","537 Stanton Christiana Rd","Newark","19713-2145","DE","US","+13029980304","apexps@pacific.net.sg","http://www.apexdentalcenter.com","https://www.facebook.com/166566970022598","","0.9338578581809998","","9","meta | Overture","CDLA-Permissive-2.0","2026-04-27T00:00:00.000Z | 2026-06-11T11:57:15Z"
"DE","Delaware","6b4a5d13-10c5-434e-a65e-8383477bec9e","West Dover Dental","-75.55561349","39.16130812","dentist","general_dentistry","125 Greentree Dr","Dover","19904","DE","US","+13027250044","westdoverdental@gmail.com","http://www.westdoverdental.com/","https://www.facebook.com/1700174086893958","","0.9902192950248718","open","7","meta | Overture | Overture-signals","CDLA-Permissive-2.0","2026-04-27T00:00:00.000Z | 2026-06-11T11:57:15Z | 2026-05-12T00:29:08Z | 2026-05-18T13:23:54Z | 2026-05-25T13:08:59Z | 2026-06-01T13:20:32Z | 2026-06-08T13:20:12Z"
"DE","Delaware","6c67ae2d-4990-430c-8180-3bf49d22e938","Casalena Herbert T DDS","-75.57174364","39.75820341","dentist","general_dentistry | medical_service_organizations","2300 Pennsylvania Ave","Wilmington","19806-1301","DE","US","+13029843300","","","https://www.facebook.com/162328520459035","","0.9199122190475464","open","7","meta | Overture | Overture-signals","CDLA-Permissive-2.0","2026-04-27T00:00:00.000Z | 2026-06-11T11:57:15Z | 2026-05-12T00:29:08Z | 2026-05-18T13:23:54Z | 2026-05-25T13:08:59Z | 2026-06-01T13:20:32Z | 2026-06-08T13:20:12Z"
"DE","Delaware","6d10484f-8a0a-4710-b0f3-1822d620b154","Dental Associates of Delaware","-75.52534724","39.80212808","dentist","general_dentistry | medical_service_organizations","1415 Foulk Rd","Wilmington","19803-2748","DE","US","+13024774900","lswiatek@delawaresmiles.com","http://www.delawaresmiles.com","https://www.facebook.com/147489861982347","Dental Associates of Delaware","0.9902192950248718","open","9","meta | Overture | Overture-signals","CDLA-Permissive-2.0","2026-04-27T00:00:00.000Z | 2026-06-11T11:57:15Z | 2026-05-12T00:29:08Z | 2026-05-18T13:23:54Z | 2026-05-25T13:08:59Z | 2026-06-01T13:20:32Z | 2026-06-08T13:20:12Z"
"DE","Delaware","6de7da8c-02bc-448d-be2c-0f45062688ab","Hounsell Dental","-75.5718232","39.7582643","dentist","general_dentistry | cosmetic_dentist","2300 Pennsylvania Ave","Wilmington","19806-1301","DE","US","+13026913000","drjill@hounselldental.com","https://hounselldental.com","https://www.facebook.com/1378839412411530","","0.9199122190475464","open","7","meta | Overture | Overture-signals","CDLA-Permissive-2.0","2026-04-27T00:00:00.000Z | 2026-06-11T11:57:15Z | 2026-05-12T00:29:08Z | 2026-05-18T13:23:54Z | 2026-05-25T13:08:59Z | 2026-06-01T13:20:32Z | 2026-06-08T13:20:12Z"
"DE","Delaware","6e0e396e-6385-42f5-98bd-054c78a38b92","Fisher Bruce D DMD MD","-75.16254","38.75073","dentist","family_practice | health_and_medical","33718 Wescoats Rd","Lewes","19958-4902","DE","US","+13026442977","","","https://www.facebook.com/166193133407645","","0.7716183662414551","","8","meta | Overture","CDLA-Permissive-2.0","2026-04-27T00:00:00.000Z | 2026-06-11T11:57:15Z"
"DE","Delaware","723a11cb-c999-4f84-9964-68c45ab590eb","Progressive Dental Arts Pike Creek","-75.69484591","39.74414331","dentist","general_dentistry | medical_service_organizations","5301 Limestone Rd","Wilmington","19808-1245","DE","US","+13022342222","progressive5301@comcast.net","http://progressivedentalartspikecreek.com/","https://www.facebook.com/928574707237083","","0.9199122190475464","open","7","meta | Overture | Overture-signals","CDLA-Permissive-2.0","2026-04-27T00:00:00.000Z | 2026-06-11T11:57:15Z | 2026-05-12T00:29:08Z | 2026-05-18T13:23:54Z | 2026-05-25T13:08:59Z | 2026-06-01T13:20:32Z | 2026-06-08T13:20:12Z"
"DE","Delaware","72921cca-d531-4fea-9831-3c164d8bd429","The Sleepy Tooth Group","-75.7505114","39.6033708","dentist","health_and_medical | pediatric_dentist","1250 Peoples Plz","Newark","19702-5701","DE","US","+13023922449","sleepytoothcareers@gmail.com","http://sleepytoothcareers.com/","https://www.facebook.com/174655899834188","","0.9298474788665771","","10","meta | Overture","CDLA-Permissive-2.0","2026-04-27T00:00:00.000Z | 2026-06-11T11:57:15Z"
"DE","Delaware","7293b120-6149-485e-a19d-016f4fc41ca3","Dr. Ignacio Gispert, DMD","-75.6260917424325","39.6636191878458","dentist","","189 Christiana Rd","New Castle","19720","DE","US","(302) 322-2303","igispert@erols.com","http://www.gispertfamilydentistry.com","https://www.facebook.com/156182824422726","","0.9199122190475464","open","4","Foursquare | Overture | Overture-signals","Apache-2.0 | CDLA-Permissive-2.0","2023-11-17T00:00:00.000 | 2026-06-11T11:57:15Z | 2026-05-12T00:29:08Z | 2026-05-18T13:23:54Z | 2026-05-25T13:08:59Z | 2026-06-01T13:20:32Z | 2026-06-08T13:20:12Z"
"DE","Delaware","73c2121d-8ca1-4475-bf4a-5ace5c42996e","Westown Dental","-75.74049314","39.44139798","dentist","orthodontist | pediatric_dentist","818 Kohl Ave","Middletown","19709-4703","DE","US","+13023143110","info@westowndentalde.com","https://www.westowndentalde.com/","https://www.facebook.com/110730524712861","","0.9902192950248718","open","9","meta | Overture | Overture-signals","CDLA-Permissive-2.0","2026-04-27T00:00:00.000Z | 2026-06-11T11:57:15Z | 2026-05-12T00:29:08Z | 2026-05-18T13:23:54Z | 2026-05-25T13:08:59Z | 2026-06-01T13:20:32Z | 2026-06-08T13:20:12Z"
"DE","Delaware","77af0576-769b-453b-81c7-13e6d4863014","Dentistry of Hockessin","-75.69806145","39.79015446","dentist","general_dentistry","1127 Valley Rd","Hockessin","19707-8514","DE","US","+13022169553","dentistryofhockessin@gmail.com","https://dentistryofhockessin.com/","https://www.facebook.com/490724424315991","","0.9199122190475464","open","8","meta | Overture | Overture-signals","CDLA-Permissive-2.0","2026-04-27T00:00:00.000Z | 2026-06-11T11:57:15Z | 2026-05-12T00:29:08Z | 2026-05-18T13:23:54Z | 2026-05-25T13:08:59Z | 2026-06-01T13:20:32Z | 2026-06-08T13:20:12Z"
"DE","Delaware","7861956d-0ed3-4584-b642-3cb042fcd1b1","Adly Awayes Dental Practice","-75.44016306","38.90433341","dentist","general_dentistry | health_and_medical","513 S Dupont Blvd","Milford","19963-1757","DE","US","+13024227800","awayesdmd@verizon.net","http://www.Awayesdental.com/","https://www.facebook.com/256052206688","","0.9199122190475464","open","9","meta | Overture | Overture-signals","CDLA-Permissive-2.0","2026-04-27T00:00:00.000Z | 2026-06-11T11:57:15Z | 2026-05-12T00:29:08Z | 2026-05-18T13:23:54Z | 2026-05-25T13:08:59Z | 2026-06-01T13:20:32Z | 2026-06-08T13:20:12Z"
"DE","Delaware","78adc840-343a-46a0-93b1-4eb469c25227","Wahl Family Dentistry","-75.5454798","39.78825982","dentist","general_dentistry","2003 Concord Pike","Wilmington","19803-2904","DE","US","+13026551228","info@wahlfamilydentistry.com","https://www.wahlfamilydentistry.com/","https://www.facebook.com/822317230962230","Wahl Family Dentistry","0.9902192950248718","open","8","meta | Overture | Overture-signals","CDLA-Permissive-2.0","2026-04-27T00:00:00.000Z | 2026-06-11T11:57:15Z | 2026-05-12T00:29:08Z | 2026-05-18T13:23:54Z | 2026-05-25T13:08:59Z | 2026-06-01T13:20:32Z | 2026-06-08T13:20:12Z"
"DE","Delaware","7a695151-a601-45b1-afd8-dec99f960ee1","Bright Dental","-75.71955907","39.45505673","dentist","general_dentistry","600 N Broad St","Middletown","19709-1032","DE","US","+13023916222","info@jeffreyabright.com","https://www.rafettosmiles.com/","https://www.facebook.com/124711134376316","","0.9199122190475464","open","9","meta | Overture | Overture-signals","CDLA-Permissive-2.0","2026-04-27T00:00:00.000Z | 2026-06-11T11:57:15Z | 2026-05-12T00:29:08Z | 2026-05-18T13:23:54Z | 2026-05-25T13:08:59Z | 2026-06-01T13:20:32Z | 2026-06-08T13:20:12Z"
"DE","Delaware","7b3157ad-64bf-476a-bca8-d864aa7a5b5d","Beautiful Smiles of Delaware","-75.69359469","39.74364968","dentist","cosmetic_dentist | general_dentistry","4901 Limestone Rd","Wilmington","19808-1271","DE","US","+13022390410","info@pikecreekdental.com","http://www.beautifulsmilesofde.com/","https://www.facebook.com/479684325243","Beautiful Smiles of Delaware","0.9199122190475464","open","8","meta | Overture | Overture-signals","CDLA-Permissive-2.0","2026-04-27T00:00:00.000Z | 2026-06-11T11:57:15Z | 2026-05-12T00:29:08Z | 2026-05-18T13:23:54Z | 2026-05-25T13:08:59Z | 2026-06-01T13:20:32Z | 2026-06-08T13:20:12Z"
"DE","Delaware","7d4d4040-3a0a-459b-a329-a010b991023f","Exceptional Dentistry","-75.49055286","39.7941103","dentist","cosmetic_dentist | general_dentistry","1401 Silverside Rd","Wilmington","19810-4400","DE","US","+13027971212","office@cicorellidental.com","http://www.cicorellidental.com/","https://www.facebook.com/212002942166535","","0.9828519821166992","","5","meta | Overture","CDLA-Permissive-2.0","2026-04-27T00:00:00.000Z | 2026-06-11T11:57:15Z"
"DE","Delaware","7de1a7c4-7ffd-43ee-8af9-9cc29a4ba59d","Dr. Jeffrey L Cook DMD","-75.66142378","39.66525653","dentist","doctor | health_and_medical","16 Peddlers Vlg","Newark","19702-1525","DE","US","+13024538700","smileforus44@gmail.com","http://www.healthgrades.com/dentist/dr-jeffrey-cook-2p9xf","https://www.facebook.com/280610595301624","","0.9199122190475464","open","6","meta | Overture | Overture-signals","CDLA-Permissive-2.0","2026-04-27T00:00:00.000Z | 2026-06-11T11:57:15Z | 2026-05-12T00:29:08Z | 2026-05-18T13:23:54Z | 2026-05-25T13:08:59Z | 2026-06-01T13:20:32Z | 2026-06-08T13:20:12Z"
"DE","Delaware","7e4a9adf-d4e6-4b87-9ecd-13e97c92711b","Lois James DDS","-75.08445165","38.54372224","dentist","general_dentistry | medical_service_organizations","17 Atlantic Ave","Ocean View","19970-9102","DE","US","+13025374500","molarbiz@live.com","http://www.drloisjames.com/","https://www.facebook.com/538187666697047","","0.9199122190475464","open","9","meta | Overture | Overture-signals","CDLA-Permissive-2.0","2026-04-27T00:00:00.000Z | 2026-06-11T11:57:15Z | 2026-05-12T00:29:08Z | 2026-05-18T13:23:54Z | 2026-05-25T13:08:59Z | 2026-06-01T13:20:32Z | 2026-06-08T13:20:12Z"
"DE","Delaware","830ff51a-a470-4700-8d28-5e578d681aa6","American Dental Care","-75.51992863","39.13427091","dentist","general_dentistry | medical_service_organizations","60 Wolf Creek Blvd","Dover","19901-4971","DE","US","+13027347634","info@americandentalsmiles.com","https://www.americandentalsmiles.com/","https://www.facebook.com/119828608028087","American Dental Care","0.9722161889076233","open","9","meta | Overture | Overture-signals","CDLA-Permissive-2.0","2026-04-27T00:00:00.000Z | 2026-06-11T11:57:15Z | 2026-05-12T00:29:08Z | 2026-06-08T13:20:12Z"
"DE","Delaware","83ca0d05-de35-4aa8-987f-b252a60e2463","Kirkwood Dental Associates - Smyrna","-75.59009","39.270626","dentist","health_and_medical","51 Huntfield Dr Ste 201","Smyrna","19977","DE","US","3024062752","","https://www.kirkwooddental.com/","","","0.9199122190475464","open","8","Microsoft | Overture | Overture-signals","CDLA-Permissive-2.0","2025-09-16T16:53:12.800Z | 2026-06-11T11:57:15Z | 2026-05-12T00:29:08Z | 2026-05-18T13:23:54Z | 2026-05-25T13:08:59Z | 2026-06-01T13:20:32Z | 2026-06-08T13:20:12Z"
"DE","Delaware","85ebfc98-5ff3-408b-9c01-bbf6aebd3874","Dentistry at Walker Square","-75.54510301","39.16954496","dentist","general_dentistry | health_and_medical","882 Walker Rd","Dover","19904-2792","DE","US","+13027358940","xraysdws@gmail.com","https://www.patientconnect365.com/Dentists/Delaware/Dover/19904/Dentistry_At_Walker_Square","https://www.facebook.com/146418899282712","","0.9199122190475464","open","7","meta | Overture | Overture-signals","CDLA-Permissive-2.0","2026-04-27T00:00:00.000Z | 2026-06-11T11:57:15Z | 2026-05-12T00:29:08Z | 2026-05-18T13:23:54Z | 2026-05-25T13:08:59Z | 2026-06-01T13:20:32Z | 2026-06-08T13:20:12Z"
"DE","Delaware","874a92c3-0334-4dcc-a9e6-f34ca562a5a4","Fink Gregg DMD Inc.","-75.65665758","39.69590631","dentist","medical_service_organizations | health_and_medical","1 Centurian Dr","Newark","19713-2127","DE","US","+13029986300","dentalartsofdelaware@gmail.com","http://www.dentalartsofdelaware.com/","https://www.facebook.com/319041724820001","Dental Arts Of Delaware","0.8774268627166748","","6","meta | Overture","CDLA-Permissive-2.0","2026-04-27T00:00:00.000Z | 2026-06-11T11:57:15Z"
"DE","Delaware","897d5915-ae91-4236-9d03-1d98584543fc","Dental Career Now","-75.594631","39.754785","dentist","education","3700 Lancaster Pike","Wilmington","19805-1511","DE","US","+18447284463","dani.damaske@plattform.com","http://www.dawncareerinstitute.edu","https://www.facebook.com/595364034148449","Dental Career Now","0.6683690547943115","","7","meta | Overture","CDLA-Permissive-2.0","2026-04-27T00:00:00.000Z | 2026-06-11T11:57:15Z"
"DE","Delaware","8b2d7c6c-b3c3-4ae9-971c-4d1cac9f1560","Delaware Smile Center","-75.72181232","39.47296147","dentist","general_dentistry | cosmetic_dentist","201 Carter Dr","Middletown","19709-5833","DE","US","+13022857645","contact@desmilecenter.com","https://www.desmilecenter.com/","https://www.facebook.com/183629345034803","Delaware Smile Center - Middletown","0.9199122190475464","open","10","meta | Overture | Overture-signals","CDLA-Permissive-2.0","2026-04-27T00:00:00.000Z | 2026-06-11T11:57:15Z | 2026-05-12T00:29:08Z | 2026-05-18T13:23:54Z | 2026-05-25T13:08:59Z | 2026-06-01T13:20:32Z | 2026-06-08T13:20:12Z"
"DE","Delaware","8bfce12e-cb6b-40cb-8b42-ca9a64b1a811","Sussex Orthodontics","-75.16885","38.749712","dentist","orthodontist | health_and_medical","1632 Savannah Rd","Lewes","19958-1659","DE","US","+13026444100","","https://sussex-orthodontics.hub.biz","https://www.facebook.com/1662729183987073","","0.9722161889076233","","1","meta | Overture","CDLA-Permissive-2.0","2026-04-27T00:00:00.000Z | 2026-06-11T11:57:15Z"
"DE","Delaware","8c74306a-3769-439e-9614-7033f305af6b","Dr. Collins Pediatric Dentistry","-75.69531191","39.73995295","dentist","pediatric_dentist | health_and_medical","5500 Skyline Dr","Wilmington","19808-1772","DE","US","+13022393655","","http://www.delawarechildrensdentist.com/","https://www.facebook.com/212690108820732","Dr. Collins Pediatric Dentistry","0.988105297088623","","8","meta | Overture","CDLA-Permissive-2.0","2026-04-27T00:00:00.000Z | 2026-06-11T11:57:15Z"
"DE","Delaware","8e405897-74a7-4f96-a853-d17c0c27fb85","Smyrna Dental","-75.60138266","39.28037066","dentist","general_dentistry | medical_service_organizations","671 S Carter Rd","Smyrna","19977-7756","DE","US","+13022236194","info@smyrnadental.com","http://www.smyrnadental.com/","https://www.facebook.com/302173716609406","Smyrna Dental & Headache Center","0.9199122190475464","open","8","meta | Overture | Overture-signals","CDLA-Permissive-2.0","2026-04-27T00:00:00.000Z | 2026-06-11T11:57:15Z | 2026-05-12T00:29:08Z | 2026-05-18T13:23:54Z | 2026-05-25T13:08:59Z | 2026-06-01T13:20:32Z | 2026-06-08T13:20:12Z"
"DE","Delaware","8fb90938-34b0-4f18-8189-bde8f9a7e956","Gentle Care Family Dentistry: Marieve Rodriguez DMD","-75.554687","39.752754","dentist","orthodontist | pediatric_dentist","1021 Gilpin Ave","Wilmington","19806-3270","DE","US","+13026555862","rodriguezdental1021@gmail.com","https://bit.ly/3aKediY","https://www.facebook.com/390555051046549","","0.9914268642663956","","7","meta | Overture","CDLA-Permissive-2.0","2026-04-27T00:00:00.000Z | 2026-06-11T11:57:15Z"
"DE","Delaware","936e7cf0-f8a1-4c75-b536-529de026229c","The Christiana Center For Oral & Maxillofacial Surgery","-75.7136532794945","39.4343103238463","dentist","oral_surgeon | hospital","114 St Annes Church Rd","Middletown","19709-1495","DE","US","+13023763700","","http://www.christianaoms.com/","https://www.facebook.com/102244132189778","Eugene M. D'amico III D.D.S.","0.9699078798294067","","6","meta | Overture","CDLA-Permissive-2.0","2026-04-27T00:00:00.000Z | 2026-06-11T11:57:15Z"
"DE","Delaware","96416735-10d2-4558-b3fe-1e5b69130323","Norman S. Steward DDS","-75.429020750727","38.910017288769","dentist","health_and_medical | doctor","214 S Walnut St","Milford","19963-1958","DE","US","+13024229791","info@drstewarddds.net","http://www.stewardgaull.com/","https://www.facebook.com/511743522312976","","0.9934104084968567","","1","meta | Overture","CDLA-Permissive-2.0","2026-04-27T00:00:00.000Z | 2026-06-11T11:57:15Z"
"DE","Delaware","97cd50f8-72d2-4c22-b1a8-99169c0993e0","Rutledge Dental Associates","-75.72016786","39.4530383","dentist","general_dentistry | doctor","410 N Cass St","Middletown","19709-1038","DE","US","+13023788705","rutledgedental@gmail.com","http://rutledgedental.com/","https://www.facebook.com/798516793526310","","0.997933070063591","","8","meta | Overture","CDLA-Permissive-2.0","2026-04-27T00:00:00.000Z | 2026-06-11T11:57:15Z"
"DE","Delaware","99bbfa71-e907-4a86-acc1-87b9ce16fb10","Diamond State Dentistry","-75.4558776","38.9328055","dentist","general_dentistry | medical_service_organizations","215 W Liberty Way","Milford","19963-5399","DE","US","+13024247976","diamondstatedentistry@yahoo.com","http://www.diamondstatedentistry.com/","https://www.facebook.com/129748493725976","","0.9199122190475464","open","9","meta | Overture | Overture-signals","CDLA-Permissive-2.0","2026-04-27T00:00:00.000Z | 2026-06-11T11:57:15Z | 2026-05-12T00:29:08Z | 2026-05-18T13:23:54Z | 2026-05-25T13:08:59Z | 2026-06-01T13:20:32Z | 2026-06-08T13:20:12Z"
"DE","Delaware","9a39ee33-024a-46d6-9371-be67c7cad56e","Yalisove Edward S DMD PA","-75.559538636138","39.752657458838","dentist","doctor | health_and_medical","1111 N Franklin St","Wilmington","19806-4327","DE","US","+13026584124","","http://www.gorgeoussmilesofdelaware.com/","https://www.facebook.com/122257144498083","","0.8265255093574524","","9","meta | Overture","CDLA-Permissive-2.0","2026-04-27T00:00:00.000Z | 2026-06-11T11:57:15Z"
"DE","Delaware","9b068521-9ccf-4ce6-abef-5865bf56d837","Milford Dental","-75.43284134","38.92956644","dentist","","Milford Airpark Plaza, 939 N Dupont Blvd","Milford","19963-1072","DE","US","+13022575192","drasgari@milforddental.center","https://www.milforddental.center/","https://www.facebook.com/114931541194058","","0.9385749101638794","","7","meta | Overture","CDLA-Permissive-2.0","2026-04-27T00:00:00.000Z | 2026-06-11T11:57:15Z"
"DE","Delaware","9d1fd951-c564-41ef-ad70-71597f8f6ba9","Benthany Dental","-75.058366923309","38.5316492364561","dentist","","32895 Coastal Hwy","Bethany Beach","19930","DE","US","(302) 537-1200","bethanydental1@verizon.net","http://www.brownbarandentistry.com/#0lA1JL","https://www.facebook.com/186817514785770","","0.77","","5","Foursquare | Overture","Apache-2.0 | CDLA-Permissive-2.0","2026-03-14T00:00:00.000 | 2026-06-11T11:57:15Z"
"DE","Delaware","9ea987b5-1d9d-46ce-b0de-2074ac744791","Delaware Smile Design","-75.52761189","39.79457597","dentist","general_dentistry","1202 Foulk Rd","Wilmington","19803-2796","DE","US","+13027640930","delawaresmiledesign@gmail.com","https://dentistinwilmingtonde.com/","https://www.facebook.com/102810315627487","Conlin Dental","0.9199122190475464","open","8","meta | Overture | Overture-signals","CDLA-Permissive-2.0","2026-04-27T00:00:00.000Z | 2026-06-11T11:57:15Z | 2026-05-12T00:29:08Z | 2026-05-18T13:23:54Z | 2026-05-25T13:08:59Z | 2026-06-01T13:20:32Z | 2026-06-08T13:20:12Z"
"DE","Delaware","9f57f9cf-96e0-49bf-9c5e-d5220e88e315","Dover Dental Arts","-75.54385467","39.15312087","dentist","general_dentistry | cosmetic_dentist","250 Beiser Blvd","Dover","19904-7795","DE","US","+13027354800","smile@doverdentalarts.com","http://www.DoverDentalArts.com/","https://www.facebook.com/961781203894537","","0.9199122190475464","open","8","meta | Overture | Overture-signals","CDLA-Permissive-2.0","2026-04-27T00:00:00.000Z | 2026-06-11T11:57:15Z | 2026-05-12T00:29:08Z | 2026-05-18T13:23:54Z | 2026-05-25T13:08:59Z | 2026-06-01T13:20:32Z | 2026-06-08T13:20:12Z"
"DE","Delaware","a1e05022-13a2-4510-b630-3d7f4c155aa2","Townsend Family and Cosmetic Dentistry","-75.66173209","39.40033586","dentist","general_dentistry | cosmetic_dentist","3920 Dupont Pkwy","Townsend","19734-9000","DE","US","+13023767979","townsenddentistry@gmail.com","http://www.townsenddentistry.com/","https://www.facebook.com/603187749784403","Bear Creek Family Dentistry","0.9199122190475464","open","8","meta | Overture | Overture-signals","CDLA-Permissive-2.0","2026-04-27T00:00:00.000Z | 2026-06-11T11:57:15Z | 2026-05-12T00:29:08Z | 2026-05-18T13:23:54Z | 2026-05-25T13:08:59Z | 2026-06-01T13:20:32Z | 2026-06-08T13:20:12Z"
"DE","Delaware","a2a715ef-aa3b-4b26-bb94-b0788872e606","Progressive Dental Arts Christiana","-75.67581764","39.690842","dentist","general_dentistry | cosmetic_dentist","44 Omega Dr","Newark","19713-2060","DE","US","+13023070448","office@progressivedentalartschristiana.com","http://www.progressivedentalartschristiana.com","https://www.facebook.com/113201988439483","","0.9199122190475464","open","10","meta | Overture | Overture-signals","CDLA-Permissive-2.0","2026-04-27T00:00:00.000Z | 2026-06-11T11:57:15Z | 2026-05-12T00:29:08Z | 2026-05-18T13:23:54Z | 2026-05-25T13:08:59Z | 2026-06-01T13:20:32Z | 2026-06-08T13:20:12Z"
"DE","Delaware","a36b2776-a529-428e-9779-459642f09421","Smile Solutions by Emmi Dental Associates","-75.67088625","39.72890578","dentist","general_dentistry | medical_service_organizations","1601 Milltown Rd","Wilmington","19808-4027","DE","US","+13029998113","irene@smilesolutionsbyemmidental.com","http://www.smilesolutionsbyemmidental.com/","https://www.facebook.com/279971325359560","Smile Solutions by Emmi Dental Associates","0.9902192950248718","open","8","meta | Overture | Overture-signals","CDLA-Permissive-2.0","2026-04-27T00:00:00.000Z | 2026-06-11T11:57:15Z | 2026-05-12T00:29:08Z | 2026-05-18T13:23:54Z | 2026-05-25T13:08:59Z | 2026-06-01T13:20:32Z | 2026-06-08T13:20:12Z"
"DE","Delaware","a42a0e47-b017-4b20-9a47-789434740a42","Center for Oral, Maxillofacial, and Facial Cosmetic Surgery","-75.5075363704249","39.8174529291276","dentist","","2101 Foulk Rd","Wilmington","19810","DE","US","(302) 475-1122","","https://www.speraoms.com/meet-us/dr-joseph-spera/","https://www.twitter.com/jfspera | https://www.facebook.com/1428137337477501","","0.9199122190475464","open","5","Foursquare | Overture | Overture-signals","Apache-2.0 | CDLA-Permissive-2.0","2020-09-17T00:00:00.000 | 2026-06-11T11:57:15Z | 2026-05-12T00:29:08Z | 2026-05-18T13:23:54Z | 2026-05-25T13:08:59Z | 2026-06-01T13:20:32Z | 2026-06-08T13:20:12Z"
"DE","Delaware","a6ffeea1-9a89-47f7-9bc4-e5e0c6572168","Oral & Maxwell Facial Surgeons - Peter F Subach DDS","-75.6704326769126","39.7285144863561","dentist","","1601 Milltown Rd Ste 17","Wilmington","19808","DE","US","(302) 995-1870","","http://www.aaoms.org","https://www.facebook.com/141116432600615","","0.77","","5","Foursquare | Overture","Apache-2.0 | CDLA-Permissive-2.0","2024-09-30T00:00:00.000 | 2026-06-11T11:57:15Z"
"DE","Delaware","a72a4f88-d038-4ea3-b0b8-43ecad0e2f51","First State Dental","-75.55970529","39.76004902","dentist","general_dentistry | cosmetic_dentist","1702 Lovering Ave","Wilmington","19806-2120","DE","US","+13026525312","office@firststatedental.com","https://www.FirstStateDental.com/","https://www.facebook.com/125785270770923","","0.9902192950248718","open","7","meta | Overture | Overture-signals","CDLA-Permissive-2.0","2026-04-27T00:00:00.000Z | 2026-06-11T11:57:15Z | 2026-05-12T00:29:08Z | 2026-05-18T13:23:54Z | 2026-05-25T13:08:59Z | 2026-06-01T13:20:32Z | 2026-06-08T13:20:12Z"
"DE","Delaware","abeffc7c-1d46-460f-a736-7bb278e2460c","Dellose & Hahn Dentistry - J Micheal Fay DDS","-75.6694231484415","39.7333581417205","dentist","","3105 Limestone Rd Ste 304","Wilmington","19808","DE","US","(302) 304-3838","clk626@comcast.net","http://www.pikecreeksmiles.com","https://www.facebook.com/174383189590561","","0.9199122190475464","open","4","Foursquare | Overture | Overture-signals","Apache-2.0 | CDLA-Permissive-2.0","2020-12-13T00:00:00.000 | 2026-06-11T11:57:15Z | 2026-05-12T00:29:08Z | 2026-05-18T13:23:54Z | 2026-05-25T13:08:59Z | 2026-06-01T13:20:32Z | 2026-06-08T13:20:12Z"
"DE","Delaware","b08432b6-f08e-4a2f-9d58-0c9ce96da091","Wild Smiles Dr. Jay","-75.6625595092773","39.665901184082","dentist","","34 West Main Street","Newark","19702","DE","US","(302) 453-1400","","http://www.wildsmiles4kids.com","","","0.77","","5","Foursquare | Overture","Apache-2.0 | CDLA-Permissive-2.0","2026-02-12T00:00:00.000 | 2026-06-11T11:57:15Z"
"DE","Delaware","b290cde0-b599-48fa-81eb-a755b6599460","Clay & Clay Dentists","-75.6506144467266","39.7118534568042","dentist","","","Wilmington","19804","DE","US","(302) 998-0500","clayandclaydental@gmail.com","http://www.clayandclaydental.com","https://www.facebook.com/215800025108148","","0.77","","5","Foursquare | Overture","Apache-2.0 | CDLA-Permissive-2.0","2022-09-20T00:00:00.000 | 2026-06-11T11:57:15Z"
"DE","Delaware","b60a1427-90a3-41fe-8560-3090857fc4f7","Martin Dr and Sidel Dr PA","-75.54374067","39.15309558","dentist","general_dentistry","250 Beiser Blvd","Dover","19904-7795","DE","US","+13027354800","martinsidel@verizon.net","http://www.healthgrades.com/dentist/dr-edward-sidel-x37b5","https://www.facebook.com/360312130756406","","0.8602601289749146","","3","meta | Overture","CDLA-Permissive-2.0","2026-04-27T00:00:00.000Z | 2026-06-11T11:57:15Z"
"DE","Delaware","b61f3bfc-4b0b-427f-800a-12305274d918","Healthy Smiles Of Delaware","-75.5616390858505","39.759457209435","dentist","","1700 N Rodney St","Wilmington","19806","DE","US","(302) 658-7200","","https://www.healthysmilesofdelaware.com","https://www.facebook.com/550130571757749","","0.77","","5","Foursquare | Overture","Apache-2.0 | CDLA-Permissive-2.0","2025-06-11T00:00:00.000 | 2026-06-11T11:57:15Z"
"DE","Delaware","ba659ae7-06a8-4afb-acb7-976a9b277ece","George T. Derenzo","-75.510349","39.813031","dentist","doctor | teeth_whitening","2000 Foulk Rd","Wilmington","19810-3642","DE","US","+13024753110","wa.derenzo@gmail.com","http://www.drgderenzo.net/","https://www.facebook.com/129201093797532","George Derenzo, DDS, MS.","0.802508533000946","","10","meta | Overture","CDLA-Permissive-2.0","2026-04-27T00:00:00.000Z | 2026-06-11T11:57:15Z"
"DE","Delaware","bb0fcf5a-b6a5-4e2f-a353-a8413fe17641","Steven Alban Family Dentistry","-75.43044776","38.90662809","dentist","general_dentistry | doctor","3 Sussex Ave","Milford","19963-1853","DE","US","+13024229637","albandent@cs.com","http://www.albandental.com/","https://www.facebook.com/263874690375963","","0.9997935990095138","","8","meta | Overture","CDLA-Permissive-2.0","2026-04-27T00:00:00.000Z | 2026-06-11T11:57:15Z"
"DE","Delaware","bb458f9e-8ba4-4c54-a1d8-0fb86a60059b","Dr. Gregory Dearing DMD","-75.713449","39.434408","dentist","health_and_medical | family_practice","114 St Annes Church Rd","Middletown","19709-1495","DE","US","+13022850350","","","https://www.facebook.com/201803039893496","","0.6906414031982422","","7","meta | Overture","CDLA-Permissive-2.0","2026-04-27T00:00:00.000Z | 2026-06-11T11:57:15Z"
"DE","Delaware","be0c7e1c-f359-45c0-bf30-96b219f805b7","Brown and Baran Family Dentistry","-75.6710337","39.72866212","dentist","general_dentistry | doctor","1601 Milltown Rd","Wilmington","19808-4027","DE","US","+13029997600","info.brownbaran@comcast.net","http://www.brownbarandentistry.com/","https://www.facebook.com/113758882109922","","0.9199122190475464","open","9","meta | Overture | Overture-signals","CDLA-Permissive-2.0","2026-04-27T00:00:00.000Z | 2026-06-11T11:57:15Z | 2026-05-12T00:29:08Z | 2026-05-18T13:23:54Z | 2026-05-25T13:08:59Z | 2026-06-01T13:20:32Z | 2026-06-08T13:20:12Z"
"DE","Delaware","be5e0a9c-842a-4465-ae86-8f08af5bfda8","Blue Hen Dental","-75.60106002","39.2985599","dentist","cosmetic_dentist | general_dentistry","231 S Dupont Blvd","Smyrna","19977-1550","DE","US","+13023143077","bluehendental@gmail.com","http://www.bluehendental.com/","https://www.facebook.com/1570402232997971","","0.9199122190475464","open","7","meta | Overture | Overture-signals","CDLA-Permissive-2.0","2026-04-27T00:00:00.000Z | 2026-06-11T11:57:15Z | 2026-05-12T00:29:08Z | 2026-05-18T13:23:54Z | 2026-05-25T13:08:59Z | 2026-06-01T13:20:32Z | 2026-06-08T13:20:12Z"
"DE","Delaware","bf263efb-2ff2-4289-ba5e-223324e289fa","Pike Creek Dental","-75.69370815","39.74347801","dentist","pediatric_dentist | medical_service_organizations","4901 Limestone Rd","Wilmington","19808-1271","DE","US","+13022152629","info@pikecreekdental.com","https://pikecreekdental.com/","https://www.facebook.com/174970442545699","Pike Creek Dental","0.9998470088541508","","8","meta | Overture","CDLA-Permissive-2.0","2026-04-27T00:00:00.000Z | 2026-06-11T11:57:15Z"
"DE","Delaware","c133829b-be17-4fe2-8b44-18013b081360","New Castle Dental Associates","-75.61076381","39.68677982","dentist","general_dentistry | doctor","92 Reads Way","New Castle","19720-1631","DE","US","+13023281513","newcastledentalofc@dentalcarealliance.com","https://www.newcastledental.net/","https://www.facebook.com/158908357486111","Castle Dental","0.9902192950248718","open","8","meta | Overture | Overture-signals","CDLA-Permissive-2.0","2026-04-27T00:00:00.000Z | 2026-06-11T11:57:15Z | 2026-05-12T00:29:08Z | 2026-05-18T13:23:54Z | 2026-05-25T13:08:59Z | 2026-06-01T13:20:32Z | 2026-06-08T13:20:12Z"
"DE","Delaware","c21249bb-1544-4bd6-b7bd-87deaabe7707","Smile-to-Smile Family Dental & Sedation Center","-75.525668387391","39.154776665815","dentist","health_and_medical","429 S Governors Ave","Dover","19904-6707","DE","US","+13026783384","","http://www.smiletosmiledentistry.com/meet-the-doctor/","https://www.facebook.com/232011493497776","Smile to Smile Dentistry","0.988145112991333","","9","meta | Overture","CDLA-Permissive-2.0","2026-04-27T00:00:00.000Z | 2026-06-11T11:57:15Z"
"DE","Delaware","c3056fa7-0481-4d1f-b02b-d698220f769d","Andina Dental Studio","-75.64605341","39.71206709","dentist","general_dentistry | cosmetic_dentist","4100 Dawnbrook Dr","Wilmington","19804-3932","DE","US","+13025435987","info@andinadental.org","http://www.andinadental.org/","https://www.facebook.com/100207872036771","","0.9902192950248718","open","8","meta | Overture | Overture-signals","CDLA-Permissive-2.0","2026-04-27T00:00:00.000Z | 2026-06-11T11:57:15Z | 2026-05-12T00:29:08Z | 2026-05-18T13:23:54Z | 2026-05-25T13:08:59Z | 2026-06-01T13:20:32Z | 2026-06-08T13:20:12Z"
"DE","Delaware","c50c3094-00e1-42db-a009-910f2eee1be3","Oral Health Center of Delaware Affiliated with The Smilist Dental","-75.57212316","39.75924503","dentist","general_dentistry","2323 Pennsylvania Ave","Wilmington","19806-1332","DE","US","+13024824444","info@ohcde.com","http://OHCDE.com/","https://www.facebook.com/184562568245736","","0.9199122190475464","open","7","meta | Overture | Overture-signals","CDLA-Permissive-2.0","2026-04-27T00:00:00.000Z | 2026-06-11T11:57:15Z | 2026-05-12T00:29:08Z | 2026-05-18T13:23:54Z | 2026-05-25T13:08:59Z | 2026-06-01T13:20:32Z | 2026-06-08T13:20:12Z"
"DE","Delaware","c681ee29-5209-4599-baf5-d7192b080ec4","Breakwater Dental","-75.16366375","38.75003684","dentist","general_dentistry","33576 Crossing Ave","Lewes","19958-1695","DE","US","+13024963544","office@breakwaterde.com","https://www.breakwaterde.com/","https://www.facebook.com/109464831669189","","0.9902192950248718","open","8","meta | Overture | Overture-signals","CDLA-Permissive-2.0","2026-04-27T00:00:00.000Z | 2026-06-11T11:57:15Z | 2026-05-12T00:29:08Z | 2026-05-18T13:23:54Z | 2026-05-25T13:08:59Z | 2026-06-01T13:20:32Z | 2026-06-08T13:20:12Z"
"DE","Delaware","c773b48c-a0bc-420f-a67f-a6f7a81ebb78","B James Rogge, DDS","-75.543063","39.169201","dentist","doctor | oral_surgeon","838 Walker Rd","Dover","19904-2751","DE","US","+13027361423","walkersquaredental@gmail.com","http://www.walkersquaredental.com/contact/","https://www.facebook.com/638203732995462","Walker Square Dental Associates - Dover Dentist","0.951558530330658","","9","meta | Overture","CDLA-Permissive-2.0","2026-04-27T00:00:00.000Z | 2026-06-11T11:57:15Z"
"DE","Delaware","c92aa2d9-2754-46ef-a3cd-d2fc8323c258","Crescent Dental Associates","-75.55850169","39.73759886","dentist","general_dentistry | health_and_medical","129 S West St","Wilmington","19801-5014","DE","US","+13022300000","cresdent@hotmail.com","http://www.crescentdentalde.com/","https://www.facebook.com/119220718112729","Crescent Dental Associates","0.9933831095695496","open","10","meta | Overture | Overture-signals","CDLA-Permissive-2.0","2026-04-27T00:00:00.000Z | 2026-06-11T11:57:15Z | 2026-06-08T13:20:12Z"
"DE","Delaware","ca522b52-3a2f-4e71-b2e9-6f5889ec1982","Kenneth J Yost DMD","-75.52614","39.802021","dentist","endodontist | health_and_medical","1407 Foulk Rd","Wilmington","19803-2700","DE","US","+13024771888","info@kennethjyostdmd.com","https://www.kennethjyostdmd.com/","https://www.facebook.com/235180426580502","","0.9710030555725098","","8","meta | Overture","CDLA-Permissive-2.0","2026-04-27T00:00:00.000Z | 2026-06-11T11:57:15Z"
"DE","Delaware","cc0b084e-3cb8-4cf7-a592-79afb6e86ac5","Collins Paul G DDS","-75.31015686","38.59359179","dentist","general_dentistry | medical_service_organizations","28318 Dupont Blvd","Millsboro","19966-4774","DE","US","+13029348005","","http://collinspaulgdds.placeweb.site/","https://www.facebook.com/135879339795680","","0.9199122190475464","open","6","meta | Overture | Overture-signals","CDLA-Permissive-2.0","2026-04-27T00:00:00.000Z | 2026-06-11T11:57:15Z | 2026-05-12T00:29:08Z | 2026-05-18T13:23:54Z | 2026-05-25T13:08:59Z | 2026-06-01T13:20:32Z | 2026-06-08T13:20:12Z"
"DE","Delaware","cc64d55f-15da-4d38-9555-b329fb0fe9ba","The Dental Group","-75.15154809","38.74483367","dentist","general_dentistry | health_and_medical","34359 Carpenters Way","Lewes","19958-4910","DE","US","+13026458993","smile@thedentalgrouplewes.com","http://www.thedentalgrouplewes.com/","https://www.facebook.com/160288707327301","The Dental Group","0.9199122190475464","open","9","meta | Overture | Overture-signals","CDLA-Permissive-2.0","2026-04-27T00:00:00.000Z | 2026-06-11T11:57:15Z | 2026-05-12T00:29:08Z | 2026-05-18T13:23:54Z | 2026-05-25T13:08:59Z | 2026-06-01T13:20:32Z | 2026-06-08T13:20:12Z"
"DE","Delaware","ccff1970-9b4f-4b74-9f21-a5f0489ec4f2","Christiana Family Dental Care","-75.6735996083127","39.6894497849535","dentist","","4735 Ogletown Stanton Rd","Newark","19713","DE","US","(302) 623-4190","","http://www.christianafamilydentalcare.com","","","0.77","","5","Foursquare | Overture","Apache-2.0 | CDLA-Permissive-2.0","2025-05-20T00:00:00.000 | 2026-06-11T11:57:15Z"
"DE","Delaware","ce782a75-abf4-4abf-baaa-3d79f5b2d7bc","Delaware Dental Sleep Medicine","-75.66341493","39.7320833","dentist","health_and_medical","1211 Milltown Rd","Wilmington","19808-3003","DE","US","+13023847801","sleepbetterdelaware@gmail.com","http://www.SleepBetterDelaware.com/","https://www.facebook.com/136339320314010","","0.577390193939209","","9","meta | Overture","CDLA-Permissive-2.0","2026-04-27T00:00:00.000Z | 2026-06-11T11:57:15Z"
"DE","Delaware","cf5d13f7-ce81-4f06-91f5-21ec3122f221","Dr. Gawlas and Dr. Rowen","-75.64091861","39.74086107","dentist","endodontist | pediatric_dentist","25 Milltown Rd","Wilmington","19808-3107","DE","US","+13029945887","","http://www.toddrowendmd.com/","https://www.facebook.com/151649881542922","","0.9199122190475464","open","4","meta | Overture | Overture-signals","CDLA-Permissive-2.0","2026-04-27T00:00:00.000Z | 2026-06-11T11:57:15Z | 2026-05-12T00:29:08Z | 2026-05-18T13:23:54Z | 2026-05-25T13:08:59Z | 2026-06-01T13:20:32Z | 2026-06-08T13:20:12Z"
"DE","Delaware","d2895e85-ef94-4bb4-9d5d-c8226c12c67c","Erin Rautio","-75.53767208","39.78385018","dentist","health_and_medical | doctor","410 Foulk Rd","Wilmington","19803-3820","DE","US","+13027626400","","http://www.smilesofwilmington.com","https://www.facebook.com/162688157093538","","0.5991851687431335","","8","meta | Overture","CDLA-Permissive-2.0","2026-04-27T00:00:00.000Z | 2026-06-11T11:57:15Z"
"DE","Delaware","d42eff95-b6e3-4104-a30d-ae725337a3d9","Thomas Wayne H DDS","-75.51540317","39.12007802","dentist","general_dentistry | medical_service_organizations","1981 S State St","Dover","19901-5811","DE","US","+13026971152","","https://thomasfamilydentist.com","https://www.facebook.com/1049388628255886","","0.9199122190475464","open","8","meta | Overture | Overture-signals","CDLA-Permissive-2.0","2026-04-27T00:00:00.000Z | 2026-06-11T11:57:15Z | 2026-05-12T00:29:08Z | 2026-05-18T13:23:54Z | 2026-05-25T13:08:59Z | 2026-06-01T13:20:32Z | 2026-06-08T13:20:12Z"
"DE","Delaware","d473c108-a7aa-4862-b320-223253cfe1bd","Newtown Family Dentistry","-75.657541","39.646846","dentist","","494 Bear Christiana Rd","Bear","19701","DE","US","(302) 838-3384","","http://www.newtownfamilydentist.com","","","0.77","","5","Foursquare | Overture","Apache-2.0 | CDLA-Permissive-2.0","2024-08-26T00:00:00.000 | 2026-06-11T11:57:15Z"
"DE","Delaware","d603a242-5f31-41ce-bb4d-d10c59aebac1","Wilmington Orthodontic","-75.400963","38.703025","dentist","medical_service_organizations | naturopathic_holistic","20785 Professional Park Blvd","Georgetown","19947-3198","DE","US","+13028584853","","","https://www.facebook.com/171561707027867","","0.9441502690315247","","8","meta | Overture","CDLA-Permissive-2.0","2026-04-27T00:00:00.000Z | 2026-06-11T11:57:15Z"
"DE","Delaware","d7fce7f9-16ce-4454-89b2-0a6e8b560c98","Dr. Kaz Family & Cosmetic Dentistry","-75.70413297","39.75790701","dentist","cosmetic_dentist | general_dentistry","5936 Limestone Rd","Hockessin","19707-8930","DE","US","+13022357645","drkaz@comcast.net","http://www.drkaz.org/","https://www.facebook.com/291304490966888","","0.9199122190475464","open","9","meta | Overture | Overture-signals","CDLA-Permissive-2.0","2026-04-27T00:00:00.000Z | 2026-06-11T11:57:15Z | 2026-05-12T00:29:08Z | 2026-05-18T13:23:54Z | 2026-05-25T13:08:59Z | 2026-06-01T13:20:32Z | 2026-06-08T13:20:12Z"
"DE","Delaware","d8989bed-76a6-41ea-b288-79d2c5c7395f","Para Raymond L DDS","-75.69101317","39.79006655","dentist","general_dentistry | medical_service_organizations","720 Yorklyn Rd","Hockessin","19707-8728","DE","US","+13022342728","","http://www.parasendds.com","https://www.facebook.com/134077556644100","","0.9199122190475464","open","7","meta | Overture | Overture-signals","CDLA-Permissive-2.0","2026-04-27T00:00:00.000Z | 2026-06-11T11:57:15Z | 2026-05-12T00:29:08Z | 2026-05-18T13:23:54Z | 2026-05-25T13:08:59Z | 2026-06-01T13:20:32Z | 2026-06-08T13:20:12Z"
"DE","Delaware","d8af9c8e-3533-4dd5-aa39-18c2fef1daa6","Bethany Dental Associates","-75.05877584","38.53179455","dentist","general_dentistry | health_and_medical","32895 Coastal Hwy","Bethany Beach","19930-3782","DE","US","+13025371200","bethanydental1@verizon.net","http://www.brownbarandentistry.com/#0lA1JL","https://www.facebook.com/186817514785770","","0.9858337044715881","","7","meta | Overture","CDLA-Permissive-2.0","2026-04-27T00:00:00.000Z | 2026-06-11T11:57:15Z"
"DE","Delaware","dc801b46-eb0c-4eaf-9486-626f5bc3caa5","Southern Delaware Dental Specialists","-75.37954","38.67792","dentist","doctor | health_and_medical","410 S Bedford St","Georgetown","19947-1850","DE","US","+13028559499","info@dentaldelaware.com","http://www.dentaldelaware.com/","https://www.facebook.com/213747899158693","","0.9768134355545044","","2","meta | Overture","CDLA-Permissive-2.0","2026-04-27T00:00:00.000Z | 2026-06-11T11:57:15Z"
"DE","Delaware","de20bcc1-edf2-4e22-937a-c3026ea451e3","Aesthetic & Special Care Associates","-75.5719995347588","39.7593501063624","dentist","","2323 Pennsylvania Ave","Wilmington","19806","DE","US","(302) 426-0526","info@delawaresmilecenter.com","http://www.delawaresmilecenter.com","","","0.77","","3","Foursquare | Overture","Apache-2.0 | CDLA-Permissive-2.0","2025-09-17T00:00:00.000 | 2026-06-11T11:57:15Z"
"DE","Delaware","e13c5a4c-2141-4824-89b6-196fd6d33aa3","Middletown Family Dentistry","-75.73194865","39.45143465","dentist","general_dentistry | cosmetic_dentist","122 Sandhill Dr","Middletown","19709-5860","DE","US","+13023769159","xraysmfd@middletownfamilydentistry.com","http://www.middletownfamilydentistry.com/","https://www.facebook.com/234173253406898","Bear Creek Family Dentistry","0.9199122190475464","open","9","meta | Overture | Overture-signals","CDLA-Permissive-2.0","2026-04-27T00:00:00.000Z | 2026-06-11T11:57:15Z | 2026-05-12T00:29:08Z | 2026-05-18T13:23:54Z | 2026-05-25T13:08:59Z | 2026-06-01T13:20:32Z | 2026-06-08T13:20:12Z"
"DE","Delaware","e69239f9-a2f3-49db-a63c-302c21938da0","Conlin Dental","-75.52743","39.794538","dentist","periodontist | doctor","1202 Foulk Rd","Wilmington","19803-2796","DE","US","+13027640930","kccdds@conlindental.com","http://dentistinwilmingtonde.com/contact-us/","https://www.facebook.com/548716241930687","Conlin Dental","0.9775701761245728","","10","meta | Overture","CDLA-Permissive-2.0","2026-04-27T00:00:00.000Z | 2026-06-11T11:57:15Z"
"DE","Delaware","e77fa72f-7d97-4919-ba5d-92395603dd07","James K. Kramer, DMD","-75.22062311876","38.4589692638651","dentist","","13 S Main St","Selbyville","19975","DE","US","(302) 436-5133","","https://www.drjameskramer.com","https://www.facebook.com/1472894179671112","","0.77","","5","Foursquare | Overture","Apache-2.0 | CDLA-Permissive-2.0","2025-10-17T00:00:00.000 | 2026-06-11T11:57:15Z"
"DE","Delaware","e992b9ed-37c7-4fb7-911e-3674d6bc0ff5","Justison and Gladnick Family Dentistry","-75.67277641","39.71658396","dentist","general_dentistry | cosmetic_dentist","5513 Kirkwood Hwy","Wilmington","19808-5001","DE","US","+13029942660","delawaredental@comcast.net","https://www.dedental.com/","https://www.facebook.com/257923144436","","0.9996649448871613","open","9","meta | Overture | Overture-signals","CDLA-Permissive-2.0","2026-04-27T00:00:00.000Z | 2026-06-11T11:57:15Z | 2026-05-12T00:29:08Z"
"DE","Delaware","eb60101b-7117-4463-970d-5111366036a9","J Tananis Richard DDS","-75.574294","38.591405","dentist","health_and_medical","10250 Stone Creek Dr","Laurel","19956-4703","DE","US","+13028754271","dwilsonlaureldental@yahoo.com","http://www.laureldental.net/","https://www.facebook.com/1609411309321566","Laurel Dental","0.9012161493301392","","9","meta | Overture","CDLA-Permissive-2.0","2026-04-27T00:00:00.000Z | 2026-06-11T11:57:15Z"
"DE","Delaware","ec8824fe-7bb3-48af-bdca-988472483f2d","Fedele Rebekah DMD","-75.66898584","39.73271118","dentist","general_dentistry | medical_service_organizations","3101 Limestone Rd","Wilmington","19808-2148","DE","US","+13029949555","fedeledmd@gmail.com","https://fedeledmd.wixsite.com/dental","https://www.facebook.com/160703777283543","","0.9199122190475464","open","7","meta | Overture | Overture-signals","CDLA-Permissive-2.0","2026-04-27T00:00:00.000Z | 2026-06-11T11:57:15Z | 2026-05-12T00:29:08Z | 2026-05-18T13:23:54Z | 2026-05-25T13:08:59Z | 2026-06-01T13:20:32Z | 2026-06-08T13:20:12Z"
"DE","Delaware","ecbb50c1-149b-48e1-ae96-381a6aa58b5a","Ryan P. Robinson","-75.63456235","39.68612233","dentist","","620 Churchmans Rd","Newark","19702-1945","DE","US","+13022391757","drrobinson@painandsleepcenter.com","http://www.painandsleepcenter.com/","https://www.facebook.com/106485394275363","Pain and Sleep Therapy Center","0.9199122190475464","open","8","meta | Overture | Overture-signals","CDLA-Permissive-2.0","2026-04-27T00:00:00.000Z | 2026-06-11T11:57:15Z | 2026-05-12T00:29:08Z | 2026-05-18T13:23:54Z | 2026-05-25T13:08:59Z | 2026-06-01T13:20:32Z | 2026-06-08T13:20:12Z"
"DE","Delaware","ed2d6843-b382-481f-a8eb-80804bd22b82","Concord Dental","-75.54721173","39.7931443","dentist","orthodontist | cosmetic_dentist","2304 Concord Pike","Wilmington","19803-2912","DE","US","+13026130055","info@concorddentalde.com","http://ConcordDentalDE.com/","https://www.facebook.com/258691731446470","","0.9199122190475464","open","8","meta | Overture | Overture-signals","CDLA-Permissive-2.0","2026-04-27T00:00:00.000Z | 2026-06-11T11:57:15Z | 2026-05-12T00:29:08Z | 2026-05-18T13:23:54Z | 2026-05-25T13:08:59Z | 2026-06-01T13:20:32Z | 2026-06-08T13:20:12Z"
"DE","Delaware","f0002c23-c14d-4d75-a8b3-7ab97ed4748f","Exceptional Dentistry","-75.5319680617655","39.7896550112802","dentist","","1401 Silverside Road","Wilmington","19810","DE","US","(302) 798-5797","","https://www.exceptionaldentistryde.com","","","0.77","","1","Foursquare | Overture","Apache-2.0 | CDLA-Permissive-2.0","2026-03-27T00:00:00.000 | 2026-06-11T11:57:15Z"
"DE","Delaware","f3357742-d4de-409a-bf2c-6c21d4534e74","I. Kent Elkington","-75.61748722","38.63922993","dentist","health_and_medical | cosmetic_dentist","218 Pennsylvania Ave","Seaford","19973-3820","DE","US","+13026293008","","","https://www.facebook.com/152234928152050","","0.9797716736793518","","7","meta | Overture","CDLA-Permissive-2.0","2026-04-27T00:00:00.000Z | 2026-06-11T11:57:15Z"
"DE","Delaware","f4ae04ed-6d8f-4754-8110-df27f81d6c44","Deborah J Halligan General Family Dentistry","-75.72877","39.690461","dentist","","414 Capitol Trl","Newark","19711-3865","DE","US","+13027385766","d.halligandds@aol.com","https://www.drhalligandental.com/meet-us/deborah-j-halligan-dds/","https://www.facebook.com/2135577183358194","","0.9376685619354248","","1","meta | Overture","CDLA-Permissive-2.0","2026-04-27T00:00:00.000Z | 2026-06-11T11:57:15Z"
"DE","Delaware","f58e697d-5850-4378-bdaa-9cece9ee5adc","Barksdale Dental","-75.76583748","39.67873018","dentist","general_dentistry","625 Barksdale Rd","Newark","19711-4535","DE","US","+13027314907","","http://www.barksdaledental.com","https://www.facebook.com/313390055985958","","0.9199122190475464","open","8","meta | Overture | Overture-signals","CDLA-Permissive-2.0","2026-04-27T00:00:00.000Z | 2026-06-11T11:57:15Z | 2026-05-12T00:29:08Z | 2026-05-18T13:23:54Z | 2026-05-25T13:08:59Z | 2026-06-01T13:20:32Z | 2026-06-08T13:20:12Z"
"DE","Delaware","f67674e8-17a0-409f-8e52-2a894340891e","Dr. Michael L. Cahoon","-75.14435634","38.76505708","dentist","oral_surgeon | doctor","750 Kings Hwy","Lewes","19958-1772","DE","US","+13026444171","mlcdmd@yahoo.com","http://www.michaelcahoondmd.com","https://www.facebook.com/165339213492340","","0.9199122190475464","open","7","meta | Overture | Overture-signals","CDLA-Permissive-2.0","2026-04-27T00:00:00.000Z | 2026-06-11T11:57:15Z | 2026-05-12T00:29:08Z | 2026-05-18T13:23:54Z | 2026-05-25T13:08:59Z | 2026-06-01T13:20:32Z | 2026-06-08T13:20:12Z"
"DE","Delaware","f67f1b3f-9701-45b3-8520-2bf8ab6efd3d","Dann James Gladnick","-75.5613028865245","39.752427928407","dentist","","1104 N Broom St # 19806-4315","Wilmington","19806","DE","US","(302) 654-7243","dentaldann@aol.com","https://www.healthgrades.com/dentist/dr-dann-gladnick-3g8rm","","","0.77","","5","Foursquare | Overture","Apache-2.0 | CDLA-Permissive-2.0","2025-10-19T00:00:00.000 | 2026-06-11T11:57:15Z"
"DE","Delaware","f6b857ba-94ee-42c6-937b-a7c8e53e05b8","Rehoboth Beach Dental","-75.11694473","38.71786487","dentist","general_dentistry | medical_service_organizations","19643 Blue Bird Ln","Rehoboth Beach","19971-6129","DE","US","+13022267960","info@rehobothbeachdental.com","http://www.rehobothbeachdental.com/","https://www.facebook.com/246660922103886","","0.9998430154025555","","8","meta | Overture","CDLA-Permissive-2.0","2026-04-27T00:00:00.000Z | 2026-06-11T11:57:15Z"
"DE","Delaware","f6e693a8-90d5-46c1-9e50-c573002506e1","Seaford Dental","-75.6175014937555","38.6393944313697","dentist","","218 Pennsylvania Ave","Seaford","19973","DE","US","(302) 629-3008","info@seaforddentalde.com","http://www.seaforddentalde.com","","","0.9199122190475464","open","4","Foursquare | Overture | Overture-signals","Apache-2.0 | CDLA-Permissive-2.0","2025-09-24T00:00:00.000 | 2026-06-11T11:57:15Z | 2026-05-12T00:29:08Z | 2026-05-18T13:23:54Z | 2026-05-25T13:08:59Z | 2026-06-01T13:20:32Z | 2026-06-08T13:20:12Z"
"DE","Delaware","f7a36f93-fdf1-4d76-a551-952f760116f2","Kiss Dental Care","-75.19322812","38.63179104","dentist","general_dentistry","25935 Plaza Dr","Millsboro","19966-6289","DE","US","+13022232600","info@kissdentalcare.com","http://kissdentalcare.com/","https://www.facebook.com/722665314256056","","0.9199122190475464","open","7","meta | Overture | Overture-signals","CDLA-Permissive-2.0","2026-04-27T00:00:00.000Z | 2026-06-11T11:57:15Z | 2026-05-12T00:29:08Z | 2026-05-18T13:23:54Z | 2026-05-25T13:08:59Z | 2026-06-01T13:20:32Z | 2026-06-08T13:20:12Z"
"DE","Delaware","f8597f60-e548-4262-aff0-282884836d0d","Gentle Touch Family Dentistry","-75.516957","39.756487","dentist","health_and_medical | medical_service_organizations","303 E Lea Blvd","Wilmington","19802","DE","US","+13027653373","bev@7-places.com","http://www.gtdrmax.com","https://www.facebook.com/309085185794789","","0.7888879179954529","","7","meta | Overture","CDLA-Permissive-2.0","2026-04-27T00:00:00.000Z | 2026-06-11T11:57:15Z"
"DE","Delaware","f8e83b8a-eadd-4c22-be94-880160ff2ad8","Milltown Dental LLC","-75.67466797","39.71639623","dentist","general_dentistry | health_and_medical","2601 Annand Dr","Wilmington","19808-3719","DE","US","+13029989594","receptionist@milltowndental.us","http://www.milltowndental.us/","https://www.facebook.com/519943128058621","Milltown Dental LLC","0.9199122190475464","open","9","meta | Overture | Overture-signals","CDLA-Permissive-2.0","2026-04-27T00:00:00.000Z | 2026-06-11T11:57:15Z | 2026-05-12T00:29:08Z | 2026-05-18T13:23:54Z | 2026-05-25T13:08:59Z | 2026-06-01T13:20:32Z | 2026-06-08T13:20:12Z"
"DE","Delaware","f925415e-3def-467b-bdfb-0aa6959bc9e1","Swiatowicz Dental Associates","-75.66339653","39.7320718","dentist","general_dentistry","1211 Milltown Rd","Wilmington","19808-3003","DE","US","+13022398230","detoothdr@gmail.com","https://DelawareDentist.com/","https://www.facebook.com/155903854515816","","0.9199122190475464","open","9","meta | Overture | Overture-signals","CDLA-Permissive-2.0","2026-04-27T00:00:00.000Z | 2026-06-11T11:57:15Z | 2026-05-12T00:29:08Z | 2026-05-18T13:23:54Z | 2026-05-25T13:08:59Z | 2026-06-01T13:20:32Z | 2026-06-08T13:20:12Z"
"DE","Delaware","fa271766-2d85-455a-bcbb-4e8a67d9315e","Edward A. Weinstein DDS","-75.66128737","39.72556654","dentist","general_dentistry | health_and_medical","2390 Limestone Rd","Wilmington","19808-4104","DE","US","+13029988474","barbara@edweinsteindds.com","http://www.edweinsteindds.com/","https://www.facebook.com/134981186522509","Edward Weinstein DDS","0.9974439978599549","","9","meta | Overture","CDLA-Permissive-2.0","2026-04-27T00:00:00.000Z | 2026-06-11T11:57:15Z"
"DE","Delaware","fb3915a3-78e4-470a-b524-5ebfa238a199","Calm Family Dental","-75.73442329","39.45272135","dentist","general_dentistry","124 Sleepy Hollow Dr","Middletown","19709-5838","DE","US","+13023142442","calmfamilydental@gmail.com","https://www.calmfamilydentalde.com/","https://www.facebook.com/106701661373425","","0.8689582347869873","","9","meta | Overture","CDLA-Permissive-2.0","2026-04-27T00:00:00.000Z | 2026-06-11T11:57:15Z"
"DE","Delaware","fbeec787-28e3-4a18-ad9d-05e2911f225a","Newtown Family Dentistry","-75.65723922","39.64659653","dentist","general_dentistry","494 Bear Christiana Rd","Bear","19701-1039","DE","US","+13028383384","contact@newtownfamilydentist.com","http://www.newtownfamilydentist.com/","https://www.facebook.com/110819855030454","","0.9800849556922913","","7","meta | Overture","CDLA-Permissive-2.0","2026-04-27T00:00:00.000Z | 2026-06-11T11:57:15Z"
"DE","Delaware","fd2ac838-ec54-456d-a034-3d39e9eec61b","Eco Dental","-75.75019504","39.60272027","dentist","general_dentistry | health_and_medical","1400 Peoples Plz","Newark","19702-5706","DE","US","+13028000001","ecodentalde@gmail.com","http://ecodentalde.com/","https://www.facebook.com/787374808103419","","0.9902192950248718","open","8","meta | Overture | Overture-signals","CDLA-Permissive-2.0","2026-04-27T00:00:00.000Z | 2026-06-11T11:57:15Z | 2026-05-12T00:29:08Z | 2026-05-18T13:23:54Z | 2026-05-25T13:08:59Z | 2026-06-01T13:20:32Z | 2026-06-08T13:20:12Z"
"DE","Delaware","fee02cfe-07b2-4cdb-a98b-04ce71f3bbf0","Brandywine Dental Care","-75.5348907","39.788331","dentist","general_dentistry","707 Foulk Rd","Wilmington","19803-3737","DE","US","+13024219960","info@brwdc.com","http://www.brandywinedentalcarede.com/","https://www.facebook.com/374306853164517","Brandywine Dental Care","0.9199122190475464","open","9","meta | Overture | Overture-signals","CDLA-Permissive-2.0","2026-04-27T00:00:00.000Z | 2026-06-11T11:57:15Z | 2026-05-12T00:29:08Z | 2026-05-18T13:23:54Z | 2026-05-25T13:08:59Z | 2026-06-01T13:20:32Z | 2026-06-08T13:20:12Z"
"DE","Delaware","feeb64e1-9a50-4724-9adf-4445410a4ec7","Richard S. Jacobs, DDS","-75.45329104","39.80487551","dentist","health_and_medical | medical_service_organizations","3716 Philadelphia Pike","Claymont","19703-3412","DE","US","+13027922648","","http://jacobsdentistryclaymont.com/","https://www.facebook.com/478710235529392","","0.9586628079414368","","8","meta | Overture","CDLA-Permissive-2.0","2026-04-27T00:00:00.000Z | 2026-06-11T11:57:15Z"
"DE","Delaware","fefc4eda-6bb7-4cf0-a184-ba16e7d2206b","Cynthia A. Mumma DDS PA","-75.55994","39.75428","dentist","cosmetic_dentist | health_and_medical","1304 N Broom St","Wilmington","19806-4239","DE","US","+13024401442","cam14595@gmail.com","https://dentalhealthde.com/","https://www.facebook.com/672342169573691","","0.9199122190475464","open","6","meta | Overture | Overture-signals","CDLA-Permissive-2.0","2026-04-27T00:00:00.000Z | 2026-06-11T11:57:15Z | 2026-05-12T00:29:08Z | 2026-05-18T13:23:54Z | 2026-05-25T13:08:59Z | 2026-06-01T13:20:32Z | 2026-06-08T13:20:12Z"
"DE","Delaware","ffd409a3-6f1a-4c04-9002-c7af2b1315df","Facciolo Dentistry","-75.55999243","39.75421726","dentist","","1304 N Broom St","Wilmington","19806-4239","DE","US","+13026522451","","https://dentalhealthde.com/","https://www.facebook.com/200168063172345","","0.9119023680686951","","2","meta | Overture","CDLA-Permissive-2.0","2026-04-27T00:00:00.000Z | 2026-06-11T11:57:15Z"
